date,consumption,wind_production
2010-01-01,1057.372,48.709
2010-01-02,1161.042,24.628
2010-01-03,1132.069,22.963
2010-01-04,1346.25,59.318
2010-01-05,1457.374,41.624
2010-01-06,1434.055,14.132
2010-01-07,1493.432,9.381
2010-01-08,1489.44,105.563
2010-01-09,1380.071,328.109
2010-01-10,1240.762,174.987
2010-01-11,1493.487,62.817
2010-01-12,1555.338,60.39
2010-01-13,1581.387,206.69
2010-01-14,1523.656,87.929
2010-01-15,1496.913,25.277
2010-01-16,1326.306,125.358
2010-01-17,1202.899,120.647
2010-01-18,1438.143,51.571
2010-01-19,1486.586,27.621
2010-01-20,1491.812,59.156
2010-01-21,1498.586,42.421
2010-01-22,1469.011,58.501
2010-01-23,1295.687,81.398
2010-01-24,1181.073,101.175
2010-01-25,1439.729,61.896
2010-01-26,1524.658,77.899
2010-01-27,1599.297,253.396
2010-01-28,1585.269,306.149
2010-01-29,1493.02,145.473
2010-01-30,1322.933,189.627
2010-01-31,1203.635,174.109
2010-02-01,1536.453,151.409
2010-02-02,1607.625,316.688
2010-02-03,1585.581,225.569
2010-02-04,1521.671,82.257
2010-02-05,1509.085,141.031
2010-02-06,1287.804,60.323
2010-02-07,1183.454,21.54
2010-02-08,1516.012,32
2010-02-09,1556.84,24.739
2010-02-10,1574.033,69.237
2010-02-11,1587.07,174.663
2010-02-12,1549.427,116.934
2010-02-13,1325.604,29.575
2010-02-14,1219.48,5.757
2010-02-15,1469.206,20.477
2010-02-16,1506.406,58.101
2010-02-17,1540.426,79.292
2010-02-18,1528.545,76.445
2010-02-19,1507.016,119.992
2010-02-20,1314.419,204.73
2010-02-21,1189.077,86.668
2010-02-22,1495.546,158.375
2010-02-23,1522.166,125.724
2010-02-24,1488.661,94.551
2010-02-25,1483.032,185.658
2010-02-26,1453.283,197.275
2010-02-27,1269.794,259.294
2010-02-28,1197.315,280.245
2010-03-01,1527.393,360.175
2010-03-02,1572.645,173.744
2010-03-03,1542.488,117.502
2010-03-04,1548.184,78.802
2010-03-05,1509.53,101.331
2010-03-06,1310.888,184.879
2010-03-07,1216.408,62.874
2010-03-08,1535.176,29.427
2010-03-09,1566.804,44.025
2010-03-10,1548.419,82.97
2010-03-11,1580.812,39.17
2010-03-12,1502.92,159.207
2010-03-13,1258.107,300.113
2010-03-14,1154.161,339.657
2010-03-15,1469.79,176.89
2010-03-16,1496.719,91.208
2010-03-17,1462.767,116.892
2010-03-18,1422.068,104.092
2010-03-19,1366.92,185.894
2010-03-20,1174.017,213.24
2010-03-21,1069.442,169.965
2010-03-22,1395.422,36.319
2010-03-23,1382.854,88.035
2010-03-24,1364.189,101.138
2010-03-25,1366.607,94.41
2010-03-26,1346.088,113.677
2010-03-27,1135.454,155.834
2010-03-28,1046.216,167.891
2010-03-29,1351.473,69.68
2010-03-30,1329.161,137.348
2010-03-31,1346.7,199.432
2010-04-01,1400.846,234.27
2010-04-02,1062.765,115.671
2010-04-03,1095.721,115.535
2010-04-04,1003.789,118.925
2010-04-05,1027.339,87.918
2010-04-06,1314.056,72.78
2010-04-07,1341.659,110.826
2010-04-08,1371.16,61.273
2010-04-09,1363.007,86.467
2010-04-10,1162.222,90.441
2010-04-11,1093.656,112.604
2010-04-12,1405.802,133.431
2010-04-13,1407.375,62.504
2010-04-14,1411.028,96.271
2010-04-15,1395.721,58.945
2010-04-16,1369.764,127.874
2010-04-17,1130.565,76.841
2010-04-18,1022.696,34.898
2010-04-19,1314.785,41.258
2010-04-20,1357.79,138.871
2010-04-21,1392.549,235.369
2010-04-22,1348.732,70.102
2010-04-23,1293.38,30.826
2010-04-24,1085.058,35.215
2010-04-25,1005.093,90.996
2010-04-26,1347.326,96.016
2010-04-27,1344.457,74.429
2010-04-28,1326.288,28.209
2010-04-29,1322.962,66.579
2010-04-30,1327.573,196.658
2010-05-01,1003.133,71.799
2010-05-02,1025.534,38.272
2010-05-03,1357.76,42.253
2010-05-04,1380.307,97.348
2010-05-05,1377.111,94.939
2010-05-06,1457.839,198.704
2010-05-07,1378.971,66.482
2010-05-08,1143.806,9.702
2010-05-09,1038.169,12.997
2010-05-10,1368.266,17.823
2010-05-11,1381.515,65.781
2010-05-12,1388.153,94.157
2010-05-13,1075.688,16.085
2010-05-14,1235.5,25.697
2010-05-15,1166.953,150.158
2010-05-16,1081.379,221.294
2010-05-17,1349.053,87.699
2010-05-18,1389.235,157.262
2010-05-19,1419.685,176.24
2010-05-20,1387.039,59.552
2010-05-21,1317.83,40.875
2010-05-22,1076.471,30.278
2010-05-23,944.937,65.011
2010-05-24,972.08,128.338
2010-05-25,1300.642,139.218
2010-05-26,1354.294,34.537
2010-05-27,1350.656,18.383
2010-05-28,1308.454,60.512
2010-05-29,1093.815,43.969
2010-05-30,1034.115,104.611
2010-05-31,1350.434,132.364
2010-06-01,1337.078,86.738
2010-06-02,1343.587,110.596
2010-06-03,1139.352,115.989
2010-06-04,1193.694,29.666
2010-06-05,1060.277,10.426
2010-06-06,999.883,35.877
2010-06-07,1330.382,153.549
2010-06-08,1340.937,35.592
2010-06-09,1353.64,30.893
2010-06-10,1369.273,27.996
2010-06-11,1359.522,174.447
2010-06-12,1138.5,114.566
2010-06-13,1023.968,53.094
2010-06-14,1295.099,20.767
2010-06-15,1310.23,63.753
2010-06-16,1320.143,89.998
2010-06-17,1342.281,64.791
2010-06-18,1310.582,126.183
2010-06-19,1125.19,123.394
2010-06-20,1023.359,54.726
2010-06-21,1310.216,32.632
2010-06-22,1319.276,16.532
2010-06-23,1307.482,6.301
2010-06-24,1316.54,13.608
2010-06-25,1308.492,30.761
2010-06-26,1104.93,24.262
2010-06-27,1005.694,25.374
2010-06-28,1327.922,19.296
2010-06-29,1361.925,22.959
2010-06-30,1358.699,23.889
2010-07-01,1363.287,19.024
2010-07-02,1357.976,36.087
2010-07-03,1148.143,51.046
2010-07-04,1051.176,28.604
2010-07-05,1343.797,39.581
2010-07-06,1350.172,79.792
2010-07-07,1329.224,17.365
2010-07-08,1353.055,22.421
2010-07-09,1359.894,27.77
2010-07-10,1154.16,30.587
2010-07-11,1072.726,41.285
2010-07-12,1378.439,60.329
2010-07-13,1370.114,34.162
2010-07-14,1385.916,79.821
2010-07-15,1369.997,120.383
2010-07-16,1317.36,63.604
2010-07-17,1120.184,61.012
2010-07-18,978.316,29.608
2010-07-19,1286.726,20.111
2010-07-20,1334.034,51.409
2010-07-21,1356.766,47.851
2010-07-22,1367.158,32.719
2010-07-23,1316.842,24.57
2010-07-24,1139.112,171.214
2010-07-25,1004.892,83.141
2010-07-26,1293.006,16.574
2010-07-27,1302.398,15.684
2010-07-28,1326.523,60.916
2010-07-29,1310.573,80.818
2010-07-30,1254.666,63.859
2010-07-31,1070.859,70.059
2010-08-01,985.373,37.345
2010-08-02,1273.612,14.921
2010-08-03,1276.331,28.351
2010-08-04,1279.071,60.745
2010-08-05,1286.819,29.923
2010-08-06,1271.639,36.761
2010-08-07,1073.063,42.859
2010-08-08,1008.784,24.255
2010-08-09,1279.168,17.393
2010-08-10,1298.341,46.032
2010-08-11,1322.18,47.972
2010-08-12,1323.868,17.179
2010-08-13,1278.425,17.325
2010-08-14,1097.85,39.8
2010-08-15,1032.592,81.434
2010-08-16,1314.507,39.579
2010-08-17,1365.176,121.486
2010-08-18,1362.255,156.345
2010-08-19,1324.15,102.351
2010-08-20,1299.964,44.344
2010-08-21,1113.113,68.669
2010-08-22,1050.307,76.497
2010-08-23,1383.504,166.75
2010-08-24,1380.643,273.235
2010-08-25,1364.467,190.444
2010-08-26,1360.084,53.691
2010-08-27,1360.238,114.697
2010-08-28,1134.577,110.773
2010-08-29,1051.797,129.117
2010-08-30,1328.642,114.569
2010-08-31,1340.262,85.661
2010-09-01,1361.163,45.232
2010-09-02,1362.512,35.001
2010-09-03,1352.272,12.395
2010-09-04,1146.773,23.685
2010-09-05,1037.348,47.667
2010-09-06,1326.903,110.041
2010-09-07,1415.65,186.529
2010-09-08,1446.078,201.278
2010-09-09,1418.822,50.848
2010-09-10,1372.188,57.094
2010-09-11,1138.029,48.512
2010-09-12,1060.951,34.432
2010-09-13,1382.423,64.037
2010-09-14,1426.966,230.867
2010-09-15,1440.877,275.367
2010-09-16,1426.917,209.13
2010-09-17,1393.312,186.092
2010-09-18,1188.621,147.16
2010-09-19,1059.551,118.992
2010-09-20,1373.955,141.235
2010-09-21,1404.236,56.456
2010-09-22,1396.958,36.413
2010-09-23,1394.067,58.341
2010-09-24,1383.504,52.009
2010-09-25,1173.425,53.604
2010-09-26,1077.891,58.188
2010-09-27,1441.433,154.113
2010-09-28,1475.471,66.518
2010-09-29,1419.43,31.469
2010-09-30,1422.38,53.276
2010-10-01,1400.481,73.272
2010-10-02,1207.986,126.378
2010-10-03,1087.575,199.629
2010-10-04,1387.41,159.474
2010-10-05,1422.973,92.24
2010-10-06,1412.552,86.339
2010-10-07,1420.114,35.371
2010-10-08,1412.619,93.29
2010-10-09,1185.625,128.906
2010-10-10,1072.749,87.703
2010-10-11,1376.504,49.053
2010-10-12,1421.409,13.27
2010-10-13,1431.431,15.476
2010-10-14,1446.613,57.732
2010-10-15,1431.414,26.143
2010-10-16,1238.037,138.745
2010-10-17,1136.901,46.751
2010-10-18,1424.016,79.97
2010-10-19,1470.059,150.224
2010-10-20,1493.732,203.323
2010-10-21,1512.96,295.837
2010-10-22,1484.337,224.309
2010-10-23,1250.925,216.222
2010-10-24,1212.523,291.469
2010-10-25,1460.396,129.204
2010-10-26,1475.015,72.472
2010-10-27,1480.974,167.182
2010-10-28,1471.12,149.142
2010-10-29,1434.233,136.641
2010-10-30,1235.68,127.234
2010-10-31,1118.753,35.642
2010-11-01,1213.349,12.577
2010-11-02,1460.858,115.734
2010-11-03,1482.434,296.075
2010-11-04,1513.322,347.554
2010-11-05,1498.494,315.278
2010-11-06,1255.457,127.027
2010-11-07,1151.835,28.397
2010-11-08,1460.779,76.257
2010-11-09,1490.641,36.936
2010-11-10,1499.223,50.78
2010-11-11,1504.188,291.042
2010-11-12,1520.523,447.685
2010-11-13,1256.934,222.365
2010-11-14,1133.64,194.336
2010-11-15,1454.903,87.783
2010-11-16,1522.929,74.314
2010-11-17,1520.737,73.763
2010-11-18,1524.217,29.2
2010-11-19,1496.896,27.217
2010-11-20,1290.092,14.932
2010-11-21,1172.968,57.916
2010-11-22,1530.921,132.586
2010-11-23,1594.259,218.799
2010-11-24,1582.969,119.065
2010-11-25,1571.194,24.319
2010-11-26,1549.409,10.233
2010-11-27,1351.143,11.905
2010-11-28,1262.721,46.683
2010-11-29,1616.449,152.158
2010-11-30,1622.161,139.769
2010-12-01,1709.568,336.859
2010-12-02,1664.896,91.778
2010-12-03,1632.359,66.431
2010-12-04,1434.737,219.48
2010-12-05,1329.448,252.413
2010-12-06,1576.333,33.403
2010-12-07,1605.18,20.403
2010-12-08,1610.804,29.274
2010-12-09,1625.65,199.354
2010-12-10,1594.237,172.446
2010-12-11,1445.663,446.271
2010-12-12,1283.285,214.76
2010-12-13,1576.131,80.591
2010-12-14,1645.804,141.052
2010-12-15,1644.222,106.395
2010-12-16,1652.187,195.033
2010-12-17,1571.711,35.589
2010-12-18,1392.611,39.752
2010-12-19,1267.556,70.777
2010-12-20,1538.837,91.965
2010-12-21,1537.312,43.151
2010-12-22,1487.529,63.858
2010-12-23,1416.185,117.931
2010-12-24,1215.323,177.232
2010-12-25,1145.555,82.614
2010-12-26,1149.256,33.876
2010-12-27,1339.74,48.36
2010-12-28,1357.764,52.291
2010-12-29,1357.192,19.869
2010-12-30,1332.367,15.745
2010-12-31,1199.812,117.325
2011-01-01,1080.314,255.424
2011-01-02,1104.799,110.733
2011-01-03,1422.242,41.719
2011-01-04,1482.161,91.253
2011-01-05,1489.005,166.576
2011-01-06,1387.512,226.384
2011-01-07,1404.173,138.973
2011-01-08,1248.835,286.042
2011-01-09,1161.691,162.665
2011-01-10,1495.649,75.205
2011-01-11,1530.622,141.409
2011-01-12,1536.61,195.856
2011-01-13,1528.005,150.425
2011-01-14,1489.536,236.989
2011-01-15,1269.807,259.701
2011-01-16,1158.68,214.495
2011-01-17,1482.824,113.283
2011-01-18,1520.566,75.149
2011-01-19,1538.906,49.55
2011-01-20,1559.147,35.057
2011-01-21,1544.487,25.984
2011-01-22,1338.866,25.296
2011-01-23,1207.908,34.275
2011-01-24,1530.659,79.259
2011-01-25,1562.18,194.225
2011-01-26,1568.568,51.444
2011-01-27,1571.236,52.421
2011-01-28,1553.966,66.728
2011-01-29,1354.328,28.819
2011-01-30,1228.002,17.861
2011-01-31,1553.724,8.913
2011-02-01,1607.306,76.705
2011-02-02,1599.595,183.087
2011-02-03,1572.52,251.078
2011-02-04,1532.522,493.38
2011-02-05,1298.435,481.145
2011-02-06,1173.3,374.043
2011-02-07,1472.621,321.045
2011-02-08,1505.453,248.573
2011-02-09,1523.607,49.729
2011-02-10,1518.262,146.471
2011-02-11,1466.917,170.221
2011-02-12,1254.182,147.676
2011-02-13,1143.461,94.162
2011-02-14,1459.736,213.386
2011-02-15,1505.231,166.367
2011-02-16,1487.208,95.706
2011-02-17,1503.79,75.763
2011-02-18,1506.451,46.972
2011-02-19,1278.38,113.654
2011-02-20,1174.911,155.118
2011-02-21,1517.787,104.381
2011-02-22,1557.384,61.249
2011-02-23,1573.469,81.383
2011-02-24,1557.491,84.785
2011-02-25,1512.316,92.576
2011-02-26,1280.418,140.608
2011-02-27,1160.09,83.855
2011-02-28,1471.11,39.149
2011-03-01,1489.261,73.691
2011-03-02,1499.328,113.693
2011-03-03,1495.256,59.738
2011-03-04,1470.026,24.093
2011-03-05,1263.706,121.492
2011-03-06,1141.524,71.831
2011-03-07,1412.353,92.244
2011-03-08,1448.185,128.044
2011-03-09,1479.812,261.503
2011-03-10,1465.654,344.399
2011-03-11,1429.635,223.541
2011-03-12,1207.971,89.62
2011-03-13,1089.81,40.836
2011-03-14,1408.525,13.554
2011-03-15,1404.983,151.32
2011-03-16,1437.534,228.173
2011-03-17,1466.414,92.085
2011-03-18,1441.319,104.494
2011-03-19,1186.426,48.539
2011-03-20,1092.594,18.004
2011-03-21,1418.354,51.428
2011-03-22,1441.497,71.271
2011-03-23,1437.463,64.159
2011-03-24,1425.321,104.694
2011-03-25,1402.984,90.807
2011-03-26,1197.815,45.989
2011-03-27,1065.539,18.674
2011-03-28,1399.327,72.513
2011-03-29,1414.582,31.024
2011-03-30,1411.898,36.472
2011-03-31,1431.579,204.34
2011-04-01,1396.482,184.59
2011-04-02,1146.676,82.594
2011-04-03,1060.371,45.221
2011-04-04,1416.563,87.564
2011-04-05,1431.696,182.346
2011-04-06,1427.643,175.029
2011-04-07,1458.444,297.291
2011-04-08,1430.029,320.122
2011-04-09,1187.092,127.047
2011-04-10,1082.334,32.404
2011-04-11,1410.998,48.787
2011-04-12,1466.407,363.46
2011-04-13,1473.387,279.982
2011-04-14,1464.788,27.013
2011-04-15,1429.578,15.185
2011-04-16,1209.07,17.877
2011-04-17,1079.892,21.446
2011-04-18,1407.477,34.289
2011-04-19,1425.741,50.367
2011-04-20,1417.891,29.607
2011-04-21,1378.554,44.515
2011-04-22,1066.316,90.464
2011-04-23,1090.041,127.764
2011-04-24,964.829,86.353
2011-04-25,1000.534,64.372
2011-04-26,1361.462,62.546
2011-04-27,1415.022,54.498
2011-04-28,1405.124,99.258
2011-04-29,1380.972,218.971
2011-04-30,1136.556,229.086
2011-05-01,971.752,141.623
2011-05-02,1371.201,158.866
2011-05-03,1420.217,59.56
2011-05-04,1431.142,40.421
2011-05-05,1424.536,25.356
2011-05-06,1385.438,50.604
2011-05-07,1176.578,141.319
2011-05-08,1055.016,183.48
2011-05-09,1395.54,113.356
2011-05-10,1421.322,32.501
2011-05-11,1418.886,29.866
2011-05-12,1415.283,52.967
2011-05-13,1382.053,70.733
2011-05-14,1170.63,90.358
2011-05-15,1033.263,122.834
2011-05-16,1367.012,177.875
2011-05-17,1393.951,132.794
2011-05-18,1406.908,42.693
2011-05-19,1417.387,23.943
2011-05-20,1390.054,13.708
2011-05-21,1167.279,25.75
2011-05-22,1055.781,120.751
2011-05-23,1372.984,101.706
2011-05-24,1406.008,196.054
2011-05-25,1396.676,83.832
2011-05-26,1417.049,207.152
2011-05-27,1393.554,189.178
2011-05-28,1159.803,101.053
2011-05-29,1043.107,128.784
2011-05-30,1383.248,60.519
2011-05-31,1416.199,99.524
2011-06-01,1352.278,94.961
2011-06-02,1044.364,61.976
2011-06-03,1210.604,81.875
2011-06-04,1117.677,65.929
2011-06-05,1032.762,77.85
2011-06-06,1377.524,42.077
2011-06-07,1408.77,25.129
2011-06-08,1395.61,109.163
2011-06-09,1399.686,92.081
2011-06-10,1357.049,19.463
2011-06-11,1126.835,33.935
2011-06-12,946.096,11.342
2011-06-13,995.46,62.986
2011-06-14,1363.213,32.813
2011-06-15,1400.402,12.308
2011-06-16,1406.481,63.595
2011-06-17,1364.349,107.392
2011-06-18,1148.773,200.159
2011-06-19,1026.796,301.85
2011-06-20,1340.264,120.177
2011-06-21,1386.096,67.869
2011-06-22,1373.855,99.584
2011-06-23,1131.391,137.394
2011-06-24,1253.125,107.094
2011-06-25,1129.227,74.695
2011-06-26,1026.129,23.744
2011-06-27,1361.952,53.1
2011-06-28,1383.681,79.015
2011-06-29,1400.54,72.554
2011-06-30,1367.841,137.883
2011-07-01,1331.41,113.368
2011-07-02,1108.551,252.521
2011-07-03,1014.854,217.609
2011-07-04,1358.545,60.049
2011-07-05,1390.187,13.272
2011-07-06,1391.762,55.784
2011-07-07,1395.315,31.88
2011-07-08,1358.948,74.14
2011-07-09,1141.552,76.644
2011-07-10,1023.542,22.717
2011-07-11,1354.459,18.548
2011-07-12,1401.985,67.055
2011-07-13,1400.376,111.647
2011-07-14,1359.981,255.389
2011-07-15,1323.392,201.237
2011-07-16,1115.463,106.702
2011-07-17,1009.417,155.003
2011-07-18,1318.246,167.937
2011-07-19,1350.734,40.553
2011-07-20,1352.434,86.377
2011-07-21,1338.309,114.971
2011-07-22,1307.515,284.356
2011-07-23,1092.609,287.591
2011-07-24,993.35,253.398
2011-07-25,1281.888,33.139
2011-07-26,1297.921,13.567
2011-07-27,1317.598,18.213
2011-07-28,1305.673,40.956
2011-07-29,1267.569,140.794
2011-07-30,1054.086,191.78
2011-07-31,954.143,64.871
2011-08-01,1259.474,15.27
2011-08-02,1293.695,50.389
2011-08-03,1298.464,69.1
2011-08-04,1296.757,35.133
2011-08-05,1277.144,37.87
2011-08-06,1113.54,46.642
2011-08-07,991.488,118.977
2011-08-08,1250.463,195.608
2011-08-09,1253.656,311.899
2011-08-10,1260.973,175.127
2011-08-11,1255.518,217.499
2011-08-12,1264.989,68.406
2011-08-13,1066.972,17.599
2011-08-14,979.297,71.681
2011-08-15,1218.898,44.782
2011-08-16,1281.479,18.632
2011-08-17,1296.609,32.896
2011-08-18,1311.168,35.484
2011-08-19,1287.353,178.181
2011-08-20,1070.705,44.979
2011-08-21,982.011,58.083
2011-08-22,1326.117,46.489
2011-08-23,1359.208,86.361
2011-08-24,1353.052,36.598
2011-08-25,1350.649,26.022
2011-08-26,1350.721,118.451
2011-08-27,1097.461,118.563
2011-08-28,983.708,144.881
2011-08-29,1306.122,185.829
2011-08-30,1324.197,114.219
2011-08-31,1343.465,40.674
2011-09-01,1364.571,11.755
2011-09-02,1354.447,14.966
2011-09-03,1152.872,32.961
2011-09-04,1057.882,53.713
2011-09-05,1373.96,135.168
2011-09-06,1379.099,283.628
2011-09-07,1376.702,297.681
2011-09-08,1381.408,199.192
2011-09-09,1379.194,41.667
2011-09-10,1147.994,50.609
2011-09-11,1042.874,90.479
2011-09-12,1367.281,270.417
2011-09-13,1388.066,257.444
2011-09-14,1376.68,241.533
2011-09-15,1375.75,134.905
2011-09-16,1360.534,48.784
2011-09-17,1144.622,80.06
2011-09-18,1036.406,68.655
2011-09-19,1357.303,64.758
2011-09-20,1383.449,78.43
2011-09-21,1377.459,86.57
2011-09-22,1379.248,135.278
2011-09-23,1353.942,48.114
2011-09-24,1131.997,22.358
2011-09-25,1039.603,17.122
2011-09-26,1370.917,35.13
2011-09-27,1399.823,8.643
2011-09-28,1395.705,24.736
2011-09-29,1402.594,28.245
2011-09-30,1368.823,25.69
2011-10-01,1164.573,8.1
2011-10-02,1039.455,14.676
2011-10-03,1061.849,95.156
2011-10-04,1389.196,144.634
2011-10-05,1423.514,157.136
2011-10-06,1437.352,296.835
2011-10-07,1406.627,189.699
2011-10-08,1184.899,207.196
2011-10-09,1070.484,123.191
2011-10-10,1417.704,294.597
2011-10-11,1433.538,271.849
2011-10-12,1437.389,106.855
2011-10-13,1431.205,39.198
2011-10-14,1409.235,40.636
2011-10-15,1196.039,75.295
2011-10-16,1080.772,78.762
2011-10-17,1432.886,89.61
2011-10-18,1462.545,268.373
2011-10-19,1462.723,196.005
2011-10-20,1465.479,114.123
2011-10-21,1447.614,69.34
2011-10-22,1220.753,96.011
2011-10-23,1096.752,122.855
2011-10-24,1432.816,283.906
2011-10-25,1454.961,252.913
2011-10-26,1462.579,76.692
2011-10-27,1456.567,84.648
2011-10-28,1426.774,29.808
2011-10-29,1197.73,37.873
2011-10-30,1083.878,66.507
2011-10-31,1273.574,39.211
2011-11-01,1216.177,73.029
2011-11-02,1441.74,52.485
2011-11-03,1464.221,115.025
2011-11-04,1437.942,101.912
2011-11-05,1219.767,85.908
2011-11-06,1100.276,45.974
2011-11-07,1442.192,92.109
2011-11-08,1489.599,67.776
2011-11-09,1481.952,21.783
2011-11-10,1488.715,95.603
2011-11-11,1464.244,195.574
2011-11-12,1242.931,71.936
2011-11-13,1138.125,20.781
2011-11-14,1490.052,18.393
2011-11-15,1541.901,54.223
2011-11-16,1534.039,61.191
2011-11-17,1540.679,28.607
2011-11-18,1509.202,19.119
2011-11-19,1266.468,16.865
2011-11-20,1137.805,19.701
2011-11-21,1496.654,31.72
2011-11-22,1540.564,22.571
2011-11-23,1557.65,21.553
2011-11-24,1549.322,91.387
2011-11-25,1524.047,221.703
2011-11-26,1280.691,312.053
2011-11-27,1159.414,427.222
2011-11-28,1501.093,131.043
2011-11-29,1543.25,193.681
2011-11-30,1533.63,186.166
2011-12-01,1528.032,239.813
2011-12-02,1483.922,199.747
2011-12-03,1275.396,382.149
2011-12-04,1144.172,302.836
2011-12-05,1487.929,292.27
2011-12-06,1559.132,268.613
2011-12-07,1569.945,347.462
2011-12-08,1546.424,362.952
2011-12-09,1509.629,411.114
2011-12-10,1270.216,237.124
2011-12-11,1145.702,146.382
2011-12-12,1501.819,223.919
2011-12-13,1557.446,421.13
2011-12-14,1531.311,302.337
2011-12-15,1527.552,287.698
2011-12-16,1505.59,345.092
2011-12-17,1281.529,315.105
2011-12-18,1183.141,238.178
2011-12-19,1503.744,176.482
2011-12-20,1513.241,180.574
2011-12-21,1485.166,115.051
2011-12-22,1422.471,67.521
2011-12-23,1309.173,154.101
2011-12-24,1080.905,271.457
2011-12-25,1011.431,299.176
2011-12-26,1010.596,259.368
2011-12-27,1206.98,153.273
2011-12-28,1216.645,206.874
2011-12-29,1226.888,415.505
2011-12-30,1199.866,251.088
2011-12-31,1077.625,83.185
2012-01-01,948.128,227.465
2012-01-02,1269.581,207.327
2012-01-03,1334.745,473.468
2012-01-04,1347.136,499.804
2012-01-05,1376.658,523.851
2012-01-06,1291.215,286.265
2012-01-07,1175.688,368.288
2012-01-08,1103.383,220.851
2012-01-09,1443.371,151.837
2012-01-10,1434.631,175.995
2012-01-11,1449.768,197.434
2012-01-12,1442.448,446.327
2012-01-13,1403.402,415.106
2012-01-14,1203.165,174.69
2012-01-15,1150.92,34.468
2012-01-16,1487.782,52.345
2012-01-17,1518.074,76.43
2012-01-18,1498.809,225.266
2012-01-19,1470.066,282.584
2012-01-20,1448.554,245.754
2012-01-21,1242.307,344.898
2012-01-22,1120.283,418.173
2012-01-23,1454.47,115.608
2012-01-24,1493.954,32.889
2012-01-25,1498.37,48.451
2012-01-26,1483.586,203.965
2012-01-27,1458.967,90.621
2012-01-28,1256.093,27.172
2012-01-29,1149.243,78.807
2012-01-30,1454.17,185.983
2012-01-31,1485.711,208.673
2012-02-01,1511.866,199.607
2012-02-02,1563.407,73.469
2012-02-03,1563.631,36.352
2012-02-04,1372.614,20.551
2012-02-05,1279.432,55.522
2012-02-06,1574.766,34.896
2012-02-07,1615.078,100.312
2012-02-08,1613.774,93.763
2012-02-09,1591.532,132.219
2012-02-10,1581.287,52.122
2012-02-11,1377.404,32.375
2012-02-12,1264.254,62.659
2012-02-13,1561.987,25.984
2012-02-14,1550.366,146.495
2012-02-15,1476.037,413.367
2012-02-16,1504.119,130.247
2012-02-17,1438.857,196.515
2012-02-18,1236.069,237.889
2012-02-19,1107.431,272.655
2012-02-20,1401.873,160.315
2012-02-21,1434.533,281.909
2012-02-22,1453.507,287.635
2012-02-23,1427.402,353.51
2012-02-24,1373.8,382.777
2012-02-25,1133.184,302.102
2012-02-26,1086.743,95.234
2012-02-27,1436.095,86.956
2012-02-28,1408.211,231.923
2012-02-29,1434.062,77.024
2012-03-01,1411.553,62.293
2012-03-02,1402.006,39.972
2012-03-03,1186.275,107.629
2012-03-04,1072.078,80.685
2012-03-05,1388.816,154.206
2012-03-06,1433.166,61.69
2012-03-07,1455.451,157.059
2012-03-08,1412.181,150.182
2012-03-09,1399.515,126.102
2012-03-10,1153.172,216.614
2012-03-11,1042.487,200.788
2012-03-12,1347.463,194.245
2012-03-13,1391.174,119.98
2012-03-14,1403.836,65.823
2012-03-15,1411.75,24.083
2012-03-16,1365.107,74.494
2012-03-17,1156.49,74.31
2012-03-18,1062.459,162.956
2012-03-19,1323.263,159.868
2012-03-20,1377.97,145.134
2012-03-21,1382.409,53.161
2012-03-22,1390.429,40.73
2012-03-23,1359.065,20.328
2012-03-24,1150.784,25.567
2012-03-25,1026.274,51.936
2012-03-26,1330.815,31.232
2012-03-27,1337.854,105.519
2012-03-28,1310.033,204.92
2012-03-29,1290.457,375.829
2012-03-30,1277.08,374.948
2012-03-31,1085.784,366.241
2012-04-01,1115.065,249.075
2012-04-02,1370.145,146.464
2012-04-03,1340.124,58.51
2012-04-04,1391.355,113.717
2012-04-05,1356.529,46.721
2012-04-06,1095.619,75.98
2012-04-07,1048.47,189.306
2012-04-08,927.223,59.544
2012-04-09,1030.772,208.754
2012-04-10,1349.738,198.653
2012-04-11,1398.856,51.131
2012-04-12,1288.302,20.678
2012-04-13,1292.923,26.534
2012-04-14,1222.985,36.079
2012-04-15,1166.63,149.303
2012-04-16,1419.061,164.217
2012-04-17,1414.206,121.871
2012-04-18,1440.052,124.69
2012-04-19,1418.122,92.252
2012-04-20,1393.302,42.379
2012-04-21,1214.49,92.366
2012-04-22,1063.047,89.137
2012-04-23,1310.91,93.296
2012-04-24,1320.723,74.549
2012-04-25,1361.395,154.065
2012-04-26,1427.093,246.672
2012-04-27,1400.451,94.387
2012-04-28,1176.568,120.519
2012-04-29,1029.079,146.995
2012-04-30,1149.575,107.085
2012-05-01,987.135,97.453
2012-05-02,1342.821,87.211
2012-05-03,1388.235,40.688
2012-05-04,1358.086,62.373
2012-05-05,1131.952,51.582
2012-05-06,1044.236,29.245
2012-05-07,1359.119,16.205
2012-05-08,1354.063,84.137
2012-05-09,1375.723,97.102
2012-05-10,1377.249,162.854
2012-05-11,1339.914,214.08
2012-05-12,1086.144,234.305
2012-05-13,1026.929,48.934
2012-05-14,1334.738,90.154
2012-05-15,1371.732,92.488
2012-05-16,1331.02,218.675
2012-05-17,1026.276,102.796
2012-05-18,1172.391,132.916
2012-05-19,1093.637,42.846
2012-05-20,1020.247,76.299
2012-05-21,1327.358,121.186
2012-05-22,1377.557,85.312
2012-05-23,1389.264,98.283
2012-05-24,1369.164,144.02
2012-05-25,1333.026,106.146
2012-05-26,1112.973,65.694
2012-05-27,960.155,23.349
2012-05-28,988.853,36.311
2012-05-29,1308.959,115.003
2012-05-30,1360.133,55.879
2012-05-31,1371.961,57.814
2012-06-01,1245.228,221.362
2012-06-02,1050.443,121.44
2012-06-03,1004.252,44.17
2012-06-04,1309.374,59.878
2012-06-05,1297.404,86.301
2012-06-06,1315.237,63.311
2012-06-07,1112.364,46.993
2012-06-08,1183.864,149.622
2012-06-09,1051.796,206.779
2012-06-10,984.376,59.018
2012-06-11,1326.483,21.939
2012-06-12,1343.234,36.683
2012-06-13,1326.28,60.34
2012-06-14,1336.51,17.666
2012-06-15,1319.754,70.26
2012-06-16,1104.877,107.732
2012-06-17,978.189,124.855
2012-06-18,1295.526,147.265
2012-06-19,1359.305,23.53
2012-06-20,1361.987,50.944
2012-06-21,1367.348,60.363
2012-06-22,1288.989,139.503
2012-06-23,1074.347,119.951
2012-06-24,966.313,194.586
2012-06-25,1239.681,282.34
2012-06-26,1280.592,173.629
2012-06-27,1355.332,46.729
2012-06-28,1352.232,44.803
2012-06-29,1328.236,62.862
2012-06-30,1109.917,41.056
2012-07-01,980.695,86.751
2012-07-02,1305.601,29.88
2012-07-03,1351.059,13.989
2012-07-04,1357.488,32.237
2012-07-05,1358.012,60.654
2012-07-06,1320.339,37.26
2012-07-07,1088.072,21.722
2012-07-08,979.263,102.489
2012-07-09,1277.879,184.585
2012-07-10,1335.8,63.672
2012-07-11,1308.424,119.022
2012-07-12,1270.422,158.374
2012-07-13,1279.65,80.134
2012-07-14,1044.088,154.526
2012-07-15,963.849,81.986
2012-07-16,1244.002,167.532
2012-07-17,1283.296,147.874
2012-07-18,1311.236,138.815
2012-07-19,1260.459,255.453
2012-07-20,1254.104,114.903
2012-07-21,1036.902,78.814
2012-07-22,955.195,29.08
2012-07-23,1264.464,61.45
2012-07-24,1298.041,53.431
2012-07-25,1315.315,25.314
2012-07-26,1324.677,30.718
2012-07-27,1315.591,48.153
2012-07-28,1068.831,66.337
2012-07-29,946.804,66.075
2012-07-30,1226.413,85.451
2012-07-31,1275.594,37.241
2012-08-01,1281.36,54.994
2012-08-02,1273.384,76.201
2012-08-03,1252.979,27.344
2012-08-04,1052.731,23.475
2012-08-05,970.34,19.899
2012-08-06,1218.308,120.776
2012-08-07,1195.361,186.065
2012-08-08,1232.55,73.492
2012-08-09,1251.813,45.277
2012-08-10,1220.577,47.461
2012-08-11,1027.19,34.149
2012-08-12,949.652,85.684
2012-08-13,1234.586,96.343
2012-08-14,1269.779,64.136
2012-08-15,1255.451,92.333
2012-08-16,1287.796,34.536
2012-08-17,1266.992,20.892
2012-08-18,1070.076,68.438
2012-08-19,992.062,57.993
2012-08-20,1322.886,66.484
2012-08-21,1367.368,20.659
2012-08-22,1314.675,143.3
2012-08-23,1314.028,61.385
2012-08-24,1306.214,30.648
2012-08-25,1072.07,115.102
2012-08-26,927.762,227.026
2012-08-27,1264.911,70.863
2012-08-28,1309.94,68.393
2012-08-29,1330.271,37.135
2012-08-30,1323.241,33.321
2012-08-31,1306.101,67.109
2012-09-01,1103.823,38.744
2012-09-02,1020.169,35.317
2012-09-03,1345.341,19.479
2012-09-04,1370.644,33.386
2012-09-05,1361.157,64.503
2012-09-06,1350.542,87.273
2012-09-07,1310.044,139.231
2012-09-08,1109.45,56.865
2012-09-09,1011.163,61.961
2012-09-10,1351.87,80.469
2012-09-11,1380.72,106.166
2012-09-12,1367.123,59.783
2012-09-13,1366.306,31.514
2012-09-14,1294.812,259.902
2012-09-15,1089.12,123.985
2012-09-16,1010.707,75.964
2012-09-17,1353.3,70.962
2012-09-18,1376.469,108.252
2012-09-19,1354.591,119.158
2012-09-20,1368.341,91.06
2012-09-21,1341.184,83.411
2012-09-22,1079.106,152.547
2012-09-23,1031.124,73.522
2012-09-24,1336.021,260.9
2012-09-25,1361.29,161.211
2012-09-26,1383.048,80.452
2012-09-27,1349.666,148.215
2012-09-28,1330.229,135.964
2012-09-29,1104.096,151.127
2012-09-30,1011.473,112.1
2012-10-01,1336.346,84.262
2012-10-02,1341.518,92.795
2012-10-03,1050.358,193.172
2012-10-04,1295.24,201.346
2012-10-05,1301.788,294.49
2012-10-06,1113.446,154.938
2012-10-07,1027.417,171.56
2012-10-08,1375.652,92.568
2012-10-09,1361.404,157.111
2012-10-10,1384.403,65.638
2012-10-11,1397.344,57.024
2012-10-12,1372.991,176.347
2012-10-13,1121.499,156.457
2012-10-14,1047.719,126.81
2012-10-15,1380.24,137.071
2012-10-16,1413.963,201.362
2012-10-17,1388.308,167.088
2012-10-18,1381.724,155.672
2012-10-19,1375.547,90.76
2012-10-20,1168.811,45.203
2012-10-21,1060.869,55.262
2012-10-22,1405.445,46.393
2012-10-23,1441.192,22.802
2012-10-24,1448.872,6.511
2012-10-25,1403.636,132.831
2012-10-26,1404.185,60.856
2012-10-27,1164.625,106.14
2012-10-28,1099.838,58.526
2012-10-29,1424.552,197.507
2012-10-30,1435.027,85.701
2012-10-31,1355.282,139.938
2012-11-01,1203.44,210.011
2012-11-02,1279.542,265.631
2012-11-03,1159.109,177.733
2012-11-04,1083.503,134.767
2012-11-05,1395.877,169.791
2012-11-06,1413.766,237.431
2012-11-07,1396.033,350.668
2012-11-08,1433.24,265.225
2012-11-09,1440.597,93.936
2012-11-10,1199.434,124.796
2012-11-11,1092.889,103.796
2012-11-12,1438.307,86.022
2012-11-13,1473.801,66.407
2012-11-14,1476.42,38.975
2012-11-15,1502.454,9.939
2012-11-16,1477.412,17.42
2012-11-17,1222.197,70.995
2012-11-18,1129.849,26.863
2012-11-19,1455.709,57.051
2012-11-20,1489.107,68.824
2012-11-21,1470.526,138.909
2012-11-22,1459.517,163.918
2012-11-23,1437.137,151.645
2012-11-24,1231.409,46.389
2012-11-25,1079.007,361.542
2012-11-26,1428.538,136.14
2012-11-27,1485.639,41.651
2012-11-28,1497.182,35.352
2012-11-29,1451.572,173.696
2012-11-30,1451.958,61.722
2012-12-01,1243.897,97.66
2012-12-02,1151.585,63.02
2012-12-03,1484.956,142.974
2012-12-04,1469.941,257.595
2012-12-05,1507.404,111.197
2012-12-06,1502.183,170.551
2012-12-07,1519.663,124.988
2012-12-08,1301.548,42.738
2012-12-09,1156.396,302.536
2012-12-10,1515.692,198.226
2012-12-11,1520.748,135.903
2012-12-12,1566.704,44.771
2012-12-13,1554.672,71.046
2012-12-14,1468.353,222.317
2012-12-15,1220.238,207.756
2012-12-16,1132.311,116.814
2012-12-17,1441.662,46.772
2012-12-18,1460.691,21.142
2012-12-19,1441.022,18.254
2012-12-20,1380.22,188.807
2012-12-21,1317.366,148.144
2012-12-22,1136.842,116.165
2012-12-23,1031.437,256.785
2012-12-24,990.706,239.102
2012-12-25,899.827,309.542
2012-12-26,909.618,331.664
2012-12-27,1068.617,302.195
2012-12-28,1109.424,152.562
2012-12-29,1014.55,294.502
2012-12-30,936.786,412.921
2012-12-31,969.81,446.492
2013-01-01,906.91,262.438
2013-01-02,1160.174,224.867
2013-01-03,1199.565,387.143
2013-01-04,1198.952,342.443
2013-01-05,1108.271,140.41
2013-01-06,1035.316,154.668
2013-01-07,1364.084,30.297
2013-01-08,1397.75,75.277
2013-01-09,1408.435,119.894
2013-01-10,1388.447,165.976
2013-01-11,1390.838,63.7
2013-01-12,1192.418,33.461
2013-01-13,1112.38,40.547
2013-01-14,1441.257,35.342
2013-01-15,1476.054,33.946
2013-01-16,1480.289,18.155
2013-01-17,1471.693,49.389
2013-01-18,1451.346,100.481
2013-01-19,1236.529,160.448
2013-01-20,1162.583,185.719
2013-01-21,1437.83,205.819
2013-01-22,1485.679,68.172
2013-01-23,1504.134,21.945
2013-01-24,1510.717,22.474
2013-01-25,1492.223,45.723
2013-01-26,1246.039,167.507
2013-01-27,1140.584,237.773
2013-01-28,1410.84,225.44
2013-01-29,1411.595,381.577
2013-01-30,1377.521,481.636
2013-01-31,1356.59,535.456
2013-02-01,1379.097,214.528
2013-02-02,1188.274,176.115
2013-02-03,1109.639,251.234
2013-02-04,1376.753,370.033
2013-02-05,1400.332,295.974
2013-02-06,1451.449,100.776
2013-02-07,1457.147,53.56
2013-02-08,1433.098,31.622
2013-02-09,1227.672,14.191
2013-02-10,1130.246,80.717
2013-02-11,1376.736,228.319
2013-02-12,1439.26,69.858
2013-02-13,1480.401,14.674
2013-02-14,1481.417,119.019
2013-02-15,1448.322,33.536
2013-02-16,1216.025,6.593
2013-02-17,1127.834,7.142
2013-02-18,1406.563,29.527
2013-02-19,1399.59,154.24
2013-02-20,1416.314,118.615
2013-02-21,1454.188,87.146
2013-02-22,1416.7,133.815
2013-02-23,1216.535,228.057
2013-02-24,1126.914,131.605
2013-02-25,1420.191,112.073
2013-02-26,1450.488,57.125
2013-02-27,1461.837,14.293
2013-02-28,1421.426,55.735
2013-03-01,1372.02,93.148
2013-03-02,1143.686,111.234
2013-03-03,1062.452,113.621
2013-03-04,1364.964,82.067
2013-03-05,1359.027,84.992
2013-03-06,1365.104,57.594
2013-03-07,1359.518,224.2
2013-03-08,1343.251,265.687
2013-03-09,1160.281,197.591
2013-03-10,1070.617,187.672
2013-03-11,1394.744,116.369
2013-03-12,1428.073,58.433
2013-03-13,1425.143,21.146
2013-03-14,1420.149,28.595
2013-03-15,1406.081,47.822
2013-03-16,1192.547,226.415
2013-03-17,1048.639,355.557
2013-03-18,1336.399,217.252
2013-03-19,1391.853,102.054
2013-03-20,1411.346,73.405
2013-03-21,1407.382,40.815
2013-03-22,1383.17,208.389
2013-03-23,1200.663,413.845
2013-03-24,1105.345,369.604
2013-03-25,1340.939,362.866
2013-03-26,1357.46,238.241
2013-03-27,1360.931,190.15
2013-03-28,1343.532,95.495
2013-03-29,1080.715,37.969
2013-03-30,1092.932,20.545
2013-03-31,1002.856,39.624
2013-04-01,1034.891,63.454
2013-04-02,1345.605,122.047
2013-04-03,1392.167,170.664
2013-04-04,1413.628,133.071
2013-04-05,1407.873,76.265
2013-04-06,1189.98,38.77
2013-04-07,1065.085,42.472
2013-04-08,1361.105,96.848
2013-04-09,1376.079,164.401
2013-04-10,1386.803,85.189
2013-04-11,1370.114,107.345
2013-04-12,1330.657,135.663
2013-04-13,1099.128,195.974
2013-04-14,1026.336,110.457
2013-04-15,1295.701,117.817
2013-04-16,1347.112,92.473
2013-04-17,1352.204,83.615
2013-04-18,1319.849,324.587
2013-04-19,1300.419,157.986
2013-04-20,1105.738,86.463
2013-04-21,1008.826,73.87
2013-04-22,1312.209,46.955
2013-04-23,1305.94,194.195
2013-04-24,1330.709,100.646
2013-04-25,1338.207,39.618
2013-04-26,1309.994,96.918
2013-04-27,1106.43,81.658
2013-04-28,1021.551,36.764
2013-04-29,1299.276,170.675
2013-04-30,1317.183,76.782
2013-05-01,1004.86,57.722
2013-05-02,1280.019,72.055
2013-05-03,1296.473,36.11
2013-05-04,1106.577,62.087
2013-05-05,1005.52,40.282
2013-05-06,1299.818,63.526
2013-05-07,1333.693,78.471
2013-05-08,1326.54,63.391
2013-05-09,1029.826,59.117
2013-05-10,1183.877,123.713
2013-05-11,1094.466,75.962
2013-05-12,999.825,99.495
2013-05-13,1294.342,148.164
2013-05-14,1312.383,100.217
2013-05-15,1300.191,145.053
2013-05-16,1305.024,104.93
2013-05-17,1284.766,78.771
2013-05-18,1078.711,78.889
2013-05-19,939.305,46.538
2013-05-20,952.727,80.383
2013-05-21,1278.721,73.061
2013-05-22,1303.334,284.96
2013-05-23,1326.926,57.184
2013-05-24,1297.862,31.673
2013-05-25,1076.837,117.78
2013-05-26,1018.874,216.622
2013-05-27,1312.264,64.874
2013-05-28,1305.03,45.633
2013-05-29,1314.747,47.246
2013-05-30,1098.099,80.091
2013-05-31,1194.177,217.785
2013-06-01,1031.124,232.191
2013-06-02,902.859,335.581
2013-06-03,1214.141,199.18
2013-06-04,1265.2,85.863
2013-06-05,1277.493,41.861
2013-06-06,1274.375,36.6
2013-06-07,1262.887,29.938
2013-06-08,1065.044,45.098
2013-06-09,971.738,44.83
2013-06-10,1258.977,34.973
2013-06-11,1287.7,17.138
2013-06-12,1298.307,73.27
2013-06-13,1289.905,165.61
2013-06-14,1235.415,128.079
2013-06-15,1045.69,174.478
2013-06-16,947.157,131.536
2013-06-17,1296.348,45.483
2013-06-18,1328.223,42.101
2013-06-19,1332.107,89.852
2013-06-20,1323.408,72.514
2013-06-21,1241.676,213.912
2013-06-22,1065.222,156.131
2013-06-23,959.418,174.394
2013-06-24,1263.825,75.421
2013-06-25,1255.952,153.237
2013-06-26,1237.281,207.452
2013-06-27,1280.278,69.322
2013-06-28,1264.697,72.379
2013-06-29,1037.834,164.649
2013-06-30,945.689,102.721
2013-07-01,1249.752,88.984
2013-07-02,1285.662,33.794
2013-07-03,1292.684,72.237
2013-07-04,1303.686,26.835
2013-07-05,1268.937,30.267
2013-07-06,1063.859,32.562
2013-07-07,969.737,38.897
2013-07-08,1280.343,42.784
2013-07-09,1305.309,31.469
2013-07-10,1278.179,118.641
2013-07-11,1273.06,78.988
2013-07-12,1254.568,34.973
2013-07-13,1044.867,51.897
2013-07-14,952.337,75.881
2013-07-15,1248.738,38.36
2013-07-16,1285.767,20.636
2013-07-17,1295.885,29.274
2013-07-18,1296.646,54.61
2013-07-19,1252.492,111.325
2013-07-20,1061.693,41.309
2013-07-21,983.663,32.487
2013-07-22,1280.555,24.172
2013-07-23,1292.027,50.439
2013-07-24,1296.148,44.267
2013-07-25,1317.171,12.119
2013-07-26,1293.677,21.389
2013-07-27,1088.862,40.678
2013-07-28,991.371,99.354
2013-07-29,1266.935,47.492
2013-07-30,1241.942,138.28
2013-07-31,1240.056,146.445
2013-08-01,1318.543,38.122
2013-08-02,1314.423,78.589
2013-08-03,1110.478,98.57
2013-08-04,1013.331,27.76
2013-08-05,1293.084,67.812
2013-08-06,1315.468,91.39
2013-08-07,1308.647,65.93
2013-08-08,1291.984,79.666
2013-08-09,1254.462,19.564
2013-08-10,1088.538,81.408
2013-08-11,990.552,99.216
2013-08-12,1264.423,94.114
2013-08-13,1281.806,148.391
2013-08-14,1270.136,110.763
2013-08-15,1230.894,41.649
2013-08-16,1235.737,67.69
2013-08-17,1064.704,50.787
2013-08-18,1003.82,139.001
2013-08-19,1279.894,65.016
2013-08-20,1262.606,43.807
2013-08-21,1265.775,15.984
2013-08-22,1277.201,22.69
2013-08-23,1273.278,84.022
2013-08-24,1089.364,153.599
2013-08-25,1005.29,168.659
2013-08-26,1291.821,148.245
2013-08-27,1306.896,60.838
2013-08-28,1295.979,21.264
2013-08-29,1285.918,11.641
2013-08-30,1267.145,35.407
2013-08-31,1072.235,125.602
2013-09-01,1018.549,189.585
2013-09-02,1329.525,338.654
2013-09-03,1344.162,85.246
2013-09-04,1344.665,22.179
2013-09-05,1352.091,96.945
2013-09-06,1330.415,143.776
2013-09-07,1111.058,73.324
2013-09-08,1023.103,101.367
2013-09-09,1315.33,96.836
2013-09-10,1346.696,131.483
2013-09-11,1356.023,87.364
2013-09-12,1343.379,20.095
2013-09-13,1321.844,34.813
2013-09-14,1122.69,84.101
2013-09-15,1037.48,107.882
2013-09-16,1348.881,202.639
2013-09-17,1376.859,183.778
2013-09-18,1382.113,97.357
2013-09-19,1368.321,109.449
2013-09-20,1353.114,88.18
2013-09-21,1109.983,41.542
2013-09-22,1034.784,147.459
2013-09-23,1337.004,187.236
2013-09-24,1343.883,44.893
2013-09-25,1345.291,42.94
2013-09-26,1357.468,69.414
2013-09-27,1320.766,32.952
2013-09-28,1107.352,76.345
2013-09-29,1058.327,254.499
2013-09-30,1340.561,207.27
2013-10-01,1356.25,151.379
2013-10-02,1356.806,214.145
2013-10-03,1114.298,307.258
2013-10-04,1243.239,210.346
2013-10-05,1102.931,44.746
2013-10-06,1029.171,14.973
2013-10-07,1332.582,21.54
2013-10-08,1355.787,31.485
2013-10-09,1368.275,107.319
2013-10-10,1375.585,51.156
2013-10-11,1390.856,216.712
2013-10-12,1156.703,115.496
2013-10-13,1059.1,88.603
2013-10-14,1359.007,97.273
2013-10-15,1388.107,84.746
2013-10-16,1386.258,46.623
2013-10-17,1439.136,382.307
2013-10-18,1358.135,130.938
2013-10-19,1161.249,155.89
2013-10-20,1073.035,142.765
2013-10-21,1365.215,166.227
2013-10-22,1393.467,191.176
2013-10-23,1425.148,285.689
2013-10-24,1374.195,120.264
2013-10-25,1367.943,144.035
2013-10-26,1176.6,214.723
2013-10-27,1121.969,450.834
2013-10-28,1434.242,509.086
2013-10-29,1421.424,364.668
2013-10-30,1391.847,218.371
2013-10-31,1352.353,201.365
2013-11-01,1207.43,175.166
2013-11-02,1176.259,146.478
2013-11-03,1151.302,374.046
2013-11-04,1432.748,347.597
2013-11-05,1448.568,206.336
2013-11-06,1463.362,255.634
2013-11-07,1451.321,236.447
2013-11-08,1402.112,73.007
2013-11-09,1243.213,354.567
2013-11-10,1129.633,161.22
2013-11-11,1409.638,80.579
2013-11-12,1439.701,120.731
2013-11-13,1441.604,90.046
2013-11-14,1452.086,62.393
2013-11-15,1406.642,27.481
2013-11-16,1219.449,80.881
2013-11-17,1117.711,28.074
2013-11-18,1422.174,53.486
2013-11-19,1453.625,52.709
2013-11-20,1440.757,67.69
2013-11-21,1461.718,62.859
2013-11-22,1437.637,87.925
2013-11-23,1218.068,59.506
2013-11-24,1137.567,147.275
2013-11-25,1440.468,110.696
2013-11-26,1462.164,39.164
2013-11-27,1493.989,160.495
2013-11-28,1508.714,234.884
2013-11-29,1488.75,282.77
2013-11-30,1254.591,132.31
2013-12-01,1161.769,211.319
2013-12-02,1434.486,57.128
2013-12-03,1468.226,48.058
2013-12-04,1511.246,216.869
2013-12-05,1563.832,489.692
2013-12-06,1545.494,556.412
2013-12-07,1278.523,255.674
2013-12-08,1189.613,333.321
2013-12-09,1477.263,284.794
2013-12-10,1474.226,46.505
2013-12-11,1475.435,28.424
2013-12-12,1475.418,63.336
2013-12-13,1456.19,77.738
2013-12-14,1276.979,142.066
2013-12-15,1194.796,291.182
2013-12-16,1467.555,308.486
2013-12-17,1457.235,112.888
2013-12-18,1447.499,164.438
2013-12-19,1430.139,263.516
2013-12-20,1345.651,208.591
2013-12-21,1250.817,442.35
2013-12-22,1141.975,453.528
2013-12-23,1199.865,374.076
2013-12-24,1128.997,535.335
2013-12-25,992.789,191.556
2013-12-26,989.254,49.436
2013-12-27,1166.552,395.736
2013-12-28,1089.79,208.514
2013-12-29,1031.149,213.978
2013-12-30,1149.097,254.119
2013-12-31,1068.429,174.67
2014-01-01,1080.08,220.085
2014-01-02,1343.101,304.166
2014-01-03,1379.776,340.639
2014-01-04,1271.029,260.828
2014-01-05,1182.416,175.812
2014-01-06,1408.202,370.91
2014-01-07,1529.25,363.756
2014-01-08,1550.398,287.099
2014-01-09,1572.194,430.36
2014-01-10,1552.413,376.86
2014-01-11,1350.439,308.404
2014-01-12,1243.628,240.415
2014-01-13,1582.797,124.885
2014-01-14,1597.275,33.002
2014-01-15,1592.384,85.85
2014-01-16,1607.804,172.755
2014-01-17,1571.637,121.368
2014-01-18,1353.455,162.727
2014-01-19,1255.814,301.247
2014-01-20,1590.687,78.647
2014-01-21,1624.806,15.643
2014-01-22,1625.155,60.259
2014-01-23,1631.373,125.177
2014-01-24,1617.411,106.527
2014-01-25,1399.124,145.786
2014-01-26,1302.735,184.365
2014-01-27,1612.213,182.071
2014-01-28,1636.751,157.588
2014-01-29,1659.96,213.55
2014-01-30,1651.529,167.885
2014-01-31,1605.265,112.603
2014-02-01,1391.43,282.132
2014-02-02,1265.416,107.799
2014-02-03,1598.551,108.91
2014-02-04,1617.799,131.89
2014-02-05,1623.241,217.711
2014-02-06,1597.979,288.646
2014-02-07,1576.93,470.114
2014-02-08,1365.813,361.931
2014-02-09,1252.107,423.278
2014-02-10,1577.328,148.804
2014-02-11,1600.185,228.572
2014-02-12,1597.122,262.52
2014-02-13,1602.375,270.977
2014-02-14,1570.213,283.346
2014-02-15,1347.503,477.891
2014-02-16,1237.654,408.778
2014-02-17,1548.644,101.83
2014-02-18,1582.932,96.737
2014-02-19,1588.602,113.18
2014-02-20,1564.341,182.761
2014-02-21,1549.993,193.634
2014-02-22,1330.959,212.118
2014-02-23,1206.696,183.838
2014-02-24,1521.083,226.315
2014-02-25,1552.925,154.765
2014-02-26,1555.038,49.336
2014-02-27,1553.46,101.158
2014-02-28,1524.716,46.998
2014-03-01,1310.863,42.38
2014-03-02,1205.382,79.034
2014-03-03,1479.361,174.177
2014-03-04,1521.878,19.16
2014-03-05,1550.944,18.679
2014-03-06,1546.473,54.556
2014-03-07,1514.897,114.278
2014-03-08,1279.162,107.357
2014-03-09,1161.496,175.888
2014-03-10,1479.23,94.246
2014-03-11,1521.112,113.199
2014-03-12,1516.331,96.83777778
2014-03-13,1510.033,22.425
2014-03-14,1488.044,122.019
2014-03-15,1303.214,510.579
2014-03-16,1199.315,538.519
2014-03-17,1498.042,354.408
2014-03-18,1528.932,215.012
2014-03-19,1524.762,405.654
2014-03-20,1498.548,311.326
2014-03-21,1474.562,289.345
2014-03-22,1280.873,147.024
2014-03-23,1176.87,71.096
2014-03-24,1499.18,27.402
2014-03-25,1521.834,39.216
2014-03-26,1522.582,94.095
2014-03-27,1510.903,192.194
2014-03-28,1470.81,110.056
2014-03-29,1243.377,68.398
2014-03-30,1125.085,18.572
2014-03-31,1446.114,14.138
2014-04-01,1478.178,51.836
2014-04-02,1471.166,60.625
2014-04-03,1470.548,80.191
2014-04-04,1461.671,115.145
2014-04-05,1237.849,27.935
2014-04-06,1131.553,72.646
2014-04-07,1448.664,105.559
2014-04-08,1496.591,376.208
2014-04-09,1497.473,327.336
2014-04-10,1485.145,56.872
2014-04-11,1454.772,21.614
2014-04-12,1227.196,38.922
2014-04-13,1129.114,228.889
2014-04-14,1478.427,464.751
2014-04-15,1504.507,228.219
2014-04-16,1486.581,27.934
2014-04-17,1452.004,195.485
2014-04-18,1150.044,133.495
2014-04-19,1146.115,162.251
2014-04-20,1022.538,203.536
2014-04-21,1059.095,115.725
2014-04-22,1412.359,36.72
2014-04-23,1447.726,32.419
2014-04-24,1450.887,50.662
2014-04-25,1426.432,112.481
2014-04-26,1217.886,56.557
2014-04-27,1130.993,91.876
2014-04-28,1451.764,40.13
2014-04-29,1468.143,15.868
2014-04-30,1432.06,20.384
2014-05-01,1099.884,52.133
2014-05-02,1308.181,119.131
2014-05-03,1196.095,69.523
2014-05-04,1111.713,53.759
2014-05-05,1423.702,34.962
2014-05-06,1451.314,136.842
2014-05-07,1464.422,173.756
2014-05-08,1471.633,198.843
2014-05-09,1450.379,286.629
2014-05-10,1221.389,224.009
2014-05-11,1122.323,373.66
2014-05-12,1449.973,239.793
2014-05-13,1471.536,136.822
2014-05-14,1473.9,155.534
2014-05-15,1468.244,77.979
2014-05-16,1430.868,100.726
2014-05-17,1206.499,68.244
2014-05-18,1107.433,43.53
2014-05-19,1421.566,27.773
2014-05-20,1449.074,41.571
2014-05-21,1457.263,93.73
2014-05-22,1459.234,112.809
2014-05-23,1429.832,56.471
2014-05-24,1199.258,32.656
2014-05-25,1089.246,34.69
2014-05-26,1429.811,138.365
2014-05-27,1464.019,189.127
2014-05-28,1441.622,189.686
2014-05-29,1128.151,76.746
2014-05-30,1261.208,59.239
2014-05-31,1147.44,105.023
2014-06-01,1068.982,23.571
2014-06-02,1403.083,15.254
2014-06-03,1433.509,14.213
2014-06-04,1444.044,67.454
2014-06-05,1436.595,176.676
2014-06-06,1403.466,61.768
2014-06-07,1176.898,38.27
2014-06-08,1029.637,49.895
2014-06-09,1075.393,76.425
2014-06-10,1425.094,78.301
2014-06-11,1452.282,64.544
2014-06-12,1433.946,63.601
2014-06-13,1409.767,162.342
2014-06-14,1173.157,87.48
2014-06-15,1060.016,51.141
2014-06-16,1372.914,75.847
2014-06-17,1404.609,49.103
2014-06-18,1395.354,77.037
2014-06-19,1208.285,229.77
2014-06-20,1310.358,219.192
2014-06-21,1155.962,178.46
2014-06-22,1066.92,185.336
2014-06-23,1403.576,108.49
2014-06-24,1434.542,39.811
2014-06-25,1434.41,46.996
2014-06-26,1413.061,20.968
2014-06-27,1400.165,35.612
2014-06-28,1192.279,49.169
2014-06-29,1094.965,61.47
2014-06-30,1398.098,65.301
2014-07-01,1407.234,61.67
2014-07-02,1418.936,61.838
2014-07-03,1424.626,61.293
2014-07-04,1401.193,65.633
2014-07-05,1192.741,111.218
2014-07-06,1096.519,101.609
2014-07-07,1415.363,73.447
2014-07-08,1455.751,111.337
2014-07-09,1446.773,144.955
2014-07-10,1430.759,95.164
2014-07-11,1403.109,107.147
2014-07-12,1176.602,45.451
2014-07-13,1078.057,60.184
2014-07-14,1386.762,123.226
2014-07-15,1424.134,60.386
2014-07-16,1436.438,12.139
2014-07-17,1439.77,17.241
2014-07-18,1419.386,37.017
2014-07-19,1207.587,92.104
2014-07-20,1113.844,94.327
2014-07-21,1429.35,113.92
2014-07-22,1440.878,140.531
2014-07-23,1428.897,144.412
2014-07-24,1425.512,98.949
2014-07-25,1396.902,53.103
2014-07-26,1184.844,20.656
2014-07-27,1090.885,24.248
2014-07-28,1399.811,38.484
2014-07-29,1427.072,50.898
2014-07-30,1421.525,75.132
2014-07-31,1391.858,40.267
2014-08-01,1351.763,42.318
2014-08-02,1152.935,64.741
2014-08-03,1052.11,34.539
2014-08-04,1332.53,19.71
2014-08-05,1348.567,28.091
2014-08-06,1343.235,29.386
2014-08-07,1352.921,18.331
2014-08-08,1336.572,46.413
2014-08-09,1148.349,218.389
2014-08-10,1053.571,180.141
2014-08-11,1329.38,218.735
2014-08-12,1346.617,197.775
2014-08-13,1341.527,90.888
2014-08-14,1338.15,112.458
2014-08-15,1287.993,61.503
2014-08-16,1125.591,140.513
2014-08-17,1050.517,312.747
2014-08-18,1347.832,351.145
2014-08-19,1365.968,199.641
2014-08-20,1365.495,173.955
2014-08-21,1356.223,68.322
2014-08-22,1344.779,155.872
2014-08-23,1145.574,87.425
2014-08-24,1060.239,124.41
2014-08-25,1367.119,57.714
2014-08-26,1409.568,42.218
2014-08-27,1399.388,30.024
2014-08-28,1406.689,35.425
2014-08-29,1388.598,69.132
2014-08-30,1169.708,83.149
2014-08-31,1079.792,37.955
2014-09-01,1387.259,36.894
2014-09-02,1415.362,45.105
2014-09-03,1418.535,110.42
2014-09-04,1419.51,109.657
2014-09-05,1396.018,41.992
2014-09-06,1172.116,18.555
2014-09-07,1078.244,15.711
2014-09-08,1397.91,47.111
2014-09-09,1423.748,102.13
2014-09-10,1425.248,76.089
2014-09-11,1423.049,63.28
2014-09-12,1423.06,180.216
2014-09-13,1188.869,75.142
2014-09-14,1086.61,53.165
2014-09-15,1413.548,71.805
2014-09-16,1432.668,93.087
2014-09-17,1439.671,104.751
2014-09-18,1439.382,74.677
2014-09-19,1413.083,23.299
2014-09-20,1190.711,17.137
2014-09-21,1108.882,157.228
2014-09-22,1430.587,281.634
2014-09-23,1426.598,61.541
2014-09-24,1441.296,111.839
2014-09-25,1452.119,188.065
2014-09-26,1429.24,142.969
2014-09-27,1191.276,50.571
2014-09-28,1094.546,38.365
2014-09-29,1418.665,32.29
2014-09-30,1451.462,26.168
2014-10-01,1447.344,12.246
2014-10-02,1415.769,10.196
2014-10-03,1110.308,44.422
2014-10-04,1140.025,137.346
2014-10-05,1101.846,62.392
2014-10-06,1433.779,160.918
2014-10-07,1479.844,313.869
2014-10-08,1478.642,209.25
2014-10-09,1478.021,197.397
2014-10-10,1438.007,102.455
2014-10-11,1210.109,30.514
2014-10-12,1112.591,69.606
2014-10-13,1446.082,89.49
2014-10-14,1462.093,54.773
2014-10-15,1463.674,54.713
2014-10-16,1480.27,61.472
2014-10-17,1456.43,74.101
2014-10-18,1213.968,126.626
2014-10-19,1104.944,265.341
2014-10-20,1452.216,273.488
2014-10-21,1494.806,286.298
2014-10-22,1524.348,378.716
2014-10-23,1505.152,84.073
2014-10-24,1469.695,123.965
2014-10-25,1250.048,76.458
2014-10-26,1146.154,105.976
2014-10-27,1462.771,107.16
2014-10-28,1506.889,118.568
2014-10-29,1510.275,70.214
2014-10-30,1498.149,23.869
2014-10-31,1416.136,68.188
2014-11-01,1179.257,96.107
2014-11-02,1132.342,174.948
2014-11-03,1474.104,350.446
2014-11-04,1510.933,130.539
2014-11-05,1530.091,25.005
2014-11-06,1514.495,39.699
2014-11-07,1500.385,171.848
2014-11-08,1261.024,166.502
2014-11-09,1168.962,110.421
2014-11-10,1501.365,78.695
2014-11-11,1535.672,132.094
2014-11-12,1543.143,73.135
2014-11-13,1540.201,15.178
2014-11-14,1510.641,163.246
2014-11-15,1293.132,176.934
2014-11-16,1190.046,138.19
2014-11-17,1502.959,81.525
2014-11-18,1552.335,128.22
2014-11-19,1535.652,23.012
2014-11-20,1547.113,11.57
2014-11-21,1527.836,45.438
2014-11-22,1306.239,126.349
2014-11-23,1192.159,175.713
2014-11-24,1518.845,161.459
2014-11-25,1559.897,64.846
2014-11-26,1580.036,183.548
2014-11-27,1578.16,224.966
2014-11-28,1568.285,321.298
2014-11-29,1358.272,205.872
2014-11-30,1262.219,162.849
2014-12-01,1607.283,243.63
2014-12-02,1638.098,60.01
2014-12-03,1649.827,26.247
2014-12-04,1639.12,59.732
2014-12-05,1604.009,42.035
2014-12-06,1363.198,39.908
2014-12-07,1272.225,221.573
2014-12-08,1584.181,186.888
2014-12-09,1632.551,115.577
2014-12-10,1648.487,437.577
2014-12-11,1631.714,487.782
2014-12-12,1578.794,558.256
2014-12-13,1342.898,204.237
2014-12-14,1246.85,133.072
2014-12-15,1551.297,266.184
2014-12-16,1563.686,197.242
2014-12-17,1564.912,266.233
2014-12-18,1518.968,398.166
2014-12-19,1460.466,543.569
2014-12-20,1302.196,598.355
2014-12-21,1195.561,485.817
2014-12-22,1363.14,648.537
2014-12-23,1326.533,595.724
2014-12-24,1154.524,527.182
2014-12-25,1089.457,400.728
2014-12-26,1101.683,42.512
2014-12-27,1198.834,249.906
2014-12-28,1168.079,137.846
2014-12-29,1316.093,148.966
2014-12-30,1300.367,121.775
2014-12-31,1183.51,145.511
2015-01-01,1111.336,325.128
2015-01-02,1300.884,603.558
2015-01-03,1265.271,462.953
2015-01-04,1198.854,385.024
2015-01-05,1449.861,216.543
2015-01-06,1452.891,117.231
2015-01-07,1569.872,227.208
2015-01-08,1586.974,440.32
2015-01-09,1563.293,641.73
2015-01-10,1331.448,634.675
2015-01-11,1262.161,630.379
2015-01-12,1582.066,631.833
2015-01-13,1574.302,511.733
2015-01-14,1593.682,406.986
2015-01-15,1602.404,556.471
2015-01-16,1565.32,249.329
2015-01-17,1354.801,137.719
2015-01-18,1267.489,127.217
2015-01-19,1594.869,31.621
2015-01-20,1629.73,16.737
2015-01-21,1632.146,50.365
2015-01-22,1636.978,62.294
2015-01-23,1616.264,38.59
2015-01-24,1402.911,156.998
2015-01-25,1290.655,111.707
2015-01-26,1611.883,231.594
2015-01-27,1620.565,268.631
2015-01-28,1626.164,441.697
2015-01-29,1620.04,401.554
2015-01-30,1587.346,125.179
2015-01-31,1360.551,133.954
2015-02-01,1273.828,121.819
2015-02-02,1608.68,197.405
2015-02-03,1639.26,97.155
2015-02-04,1651.314,40.218
2015-02-05,1647.357,127.519
2015-02-06,1620.507,168.548
2015-02-07,1408.553,284.226
2015-02-08,1296.855,405.421
2015-02-09,1618.607,382.505
2015-02-10,1626.864,145.803
2015-02-11,1623.086,26.156
2015-02-12,1619.396,24.475
2015-02-13,1583.173,96.107
2015-02-14,1359.135,117.229
2015-02-15,1261.167,202.852
2015-02-16,1536.78,204.535
2015-02-17,1600.019,64.951
2015-02-18,1611.379,134.261
2015-02-19,1607.741,243.061
2015-02-20,1571.017,332.284
2015-02-21,1345.913,270.833
2015-02-22,1256.938,162.979
2015-02-23,1592.656,365.763
2015-02-24,1604.991,317.556
2015-02-25,1585.249,107.047
2015-02-26,1579.35,177.505
2015-02-27,1569.187,136.122
2015-02-28,1340.489,207.35
2015-03-01,1235.836,449.937
2015-03-02,1546.866,510.473
2015-03-03,1570.639,430.854
2015-03-04,1579.064,379.816
2015-03-05,1573.558,164.829
2015-03-06,1547.83,137.701
2015-03-07,1317.425,269.203
2015-03-08,1182.494,202.512
2015-03-09,1496.531,74.487
2015-03-10,1537.668,145.528
2015-03-11,1530.601,124.235
2015-03-12,1536.444,74.432
2015-03-13,1524.474,153.322
2015-03-14,1320.247,147.22
2015-03-15,1212.893,243.311
2015-03-16,1507.519,334.722
2015-03-17,1506.485,186.919
2015-03-18,1498.96,113.937
2015-03-19,1508.011,45.01
2015-03-20,1490.008,35.96
2015-03-21,1304.469,164.026
2015-03-22,1196.051,132.091
2015-03-23,1500.293,66.904
2015-03-24,1518.172,23.568
2015-03-25,1508.028,142.024
2015-03-26,1521.241,120.271
2015-03-27,1499.701,219.296
2015-03-28,1274.136,214.583
2015-03-29,1187.673,521.684
2015-03-30,1500.454,610.862
2015-03-31,1517.419,624.674
2015-04-01,1531.944,571.057
2015-04-02,1506.147,418.505
2015-04-03,1174.095,161.449
2015-04-04,1193.274,88.66
2015-04-05,1084.83,72.337
2015-04-06,1122.724,76.945
2015-04-07,1464.286,155.723
2015-04-08,1476.07,78.784
2015-04-09,1448.204,24.647
2015-04-10,1420.437,44.875
2015-04-11,1230.603,351.54
2015-04-12,1122.555,300.331
2015-04-13,1444.641,334.801
2015-04-14,1463.975,216.884
2015-04-15,1455.666,290.28
2015-04-16,1447.202,137.144
2015-04-17,1432.894,151.659
2015-04-18,1199.975,84.779
2015-04-19,1102.443,51.104
2015-04-20,1410.487,113.383
2015-04-21,1432.199,228.041
2015-04-22,1423.398,105.756
2015-04-23,1418.293,52.021
2015-04-24,1398.64,59.09
2015-04-25,1201.174,150.274
2015-04-26,1103.922,67.136
2015-04-27,1447.782,133.809
2015-04-28,1467.317,133.987
2015-04-29,1453.773,153.288
2015-04-30,1424.302,150.687
2015-05-01,1079.915,63.834
2015-05-02,1125.912,40.322
2015-05-03,1101.446,229.809
2015-05-04,1413.223,197.049
2015-05-05,1445.995,380.563
2015-05-06,1434.754,305.756
2015-05-07,1430.15,260.491
2015-05-08,1392.394,52.543
2015-05-09,1184.991,290.011
2015-05-10,1088.438,240.723
2015-05-11,1407.102,165.676
2015-05-12,1433.055,280.167
2015-05-13,1395.238,223.766
2015-05-14,1098.291,77.642
2015-05-15,1245.49,55.131
2015-05-16,1151.318,193.21
2015-05-17,1076.939,227.922
2015-05-18,1396.521,156.963
2015-05-19,1434.103,241.209
2015-05-20,1425.217,92.801
2015-05-21,1423.081,69.252
2015-05-22,1393.65,41.415
2015-05-23,1163.304,70.854
2015-05-24,1010.009,22.434
2015-05-25,1054.735,74.079
2015-05-26,1388.669,147.333
2015-05-27,1420.104,125.289
2015-05-28,1416.905,256.677
2015-05-29,1391.308,170.035
2015-05-30,1182.868,290.929
2015-05-31,1084.568,283.656
2015-06-01,1394.145,147.381
2015-06-02,1437.818,478.516
2015-06-03,1412.579,316.339
2015-06-04,1205.178,56.149
2015-06-05,1320.672,156.822
2015-06-06,1174.111,184.088
2015-06-07,1070.875,109.243
2015-06-08,1395.467,160.107
2015-06-09,1418.821,106.815
2015-06-10,1424.7,84.706
2015-06-11,1420.772,58.756
2015-06-12,1411.397,56.419
2015-06-13,1192.32,143.809
2015-06-14,1073.904,114.352
2015-06-15,1393.554,112.779
2015-06-16,1401.419,90.335
2015-06-17,1402.199,127.653
2015-06-18,1419.662,223.961
2015-06-19,1395.931,218.656
2015-06-20,1180.535,135.488
2015-06-21,1085.127,80.067
2015-06-22,1409.975,122.563
2015-06-23,1431.524,207.185
2015-06-24,1431.097,177.371
2015-06-25,1417.865,42.689
2015-06-26,1394.149,31.867
2015-06-27,1175.912,166.768
2015-06-28,1064.642,63.403
2015-06-29,1398.283,52.494
2015-06-30,1423.809,47.23
2015-07-01,1444.957,158.819
2015-07-02,1470.2,218.79
2015-07-03,1439.366,71.633
2015-07-04,1215.227,82.893
2015-07-05,1121.175,97.525
2015-07-06,1422.065,173.299
2015-07-07,1454.992,120.469
2015-07-08,1434.461,418.904
2015-07-09,1415.71,418.717
2015-07-10,1380.306,217.787
2015-07-11,1165.998,50.018
2015-07-12,1084.822,116.87
2015-07-13,1401.845,112.572
2015-07-14,1429.539,115.932
2015-07-15,1430.462,50.165
2015-07-16,1440.181,42.96
2015-07-17,1425.905,187.513
2015-07-18,1186.873,150.581
2015-07-19,1093.809,147.605
2015-07-20,1399.288,116.549
2015-07-21,1449.58,197.342
2015-07-22,1442.967,87.093
2015-07-23,1417.126,74.843
2015-07-24,1388.711,108.88
2015-07-25,1176.33,461.972
2015-07-26,1051.867,241.118
2015-07-27,1354.408,290.984
2015-07-28,1379.207,427.335
2015-07-29,1374.893,405.033
2015-07-30,1370.35,396.157
2015-07-31,1326.948,127.666
2015-08-01,1123.809,61.181
2015-08-02,1038.046,46.869
2015-08-03,1353.912,127.868
2015-08-04,1385.44,162.887
2015-08-05,1368.478,68.686
2015-08-06,1389.743,94.69
2015-08-07,1363.039,73.113
2015-08-08,1162.867,126.431
2015-08-09,1071.309,70.336
2015-08-10,1364.364,77.203
2015-08-11,1384.07,79.877
2015-08-12,1394.084,77.831
2015-08-13,1394.573,210.782
2015-08-14,1365.638,188.334
2015-08-15,1143.305,65.667
2015-08-16,1068.273,98.615
2015-08-17,1364.661,142.498
2015-08-18,1374.693,104.856
2015-08-19,1363.831,33.009
2015-08-20,1367.7,30.544
2015-08-21,1343.751,55.194
2015-08-22,1144.347,129.765
2015-08-23,1063.363,289.786
2015-08-24,1386.899,258.47
2015-08-25,1400.484,395.609
2015-08-26,1411.119,288.872
2015-08-27,1423.337,218.99
2015-08-28,1383.029,86.618
2015-08-29,1164.636,40.847
2015-08-30,1085.568,55.971
2015-08-31,1418.065,101.452
2015-09-01,1454.193,221.322
2015-09-02,1431.186,182.791
2015-09-03,1424.913,113.314
2015-09-04,1398.09,240.758
2015-09-05,1188.41,446.861
2015-09-06,1108.465,481.082
2015-09-07,1409.703,147.326
2015-09-08,1434.184,78.667
2015-09-09,1426.93,95.916
2015-09-10,1426.198,152.087
2015-09-11,1407.695,142.541
2015-09-12,1201.761,148.795
2015-09-13,1113.172,137.882
2015-09-14,1438.257,229.019
2015-09-15,1458.246,352.415
2015-09-16,1475.5,319.829
2015-09-17,1478.113,438.08
2015-09-18,1415.759,180.151
2015-09-19,1194.287,85.477
2015-09-20,1109.639,166.83
2015-09-21,1420.448,96.52
2015-09-22,1461.989,171.151
2015-09-23,1466.2,79.286
2015-09-24,1456.21,195.382
2015-09-25,1427.929,77.128
2015-09-26,1212.761,68.063
2015-09-27,1121.202,91.519
2015-09-28,1431.729,90.68
2015-09-29,1459.78,163.317
2015-09-30,1458.914,142.645
2015-10-01,1425.006,102.329
2015-10-02,1391.05,81.229
2015-10-03,1103.113,58.129
2015-10-04,1096.609,54.976
2015-10-05,1411.536,140.703
2015-10-06,1472.839,289.122
2015-10-07,1482.683,196.138
2015-10-08,1476.684,50.86
2015-10-09,1434.129,50.77
2015-10-10,1214.974,198.301
2015-10-11,1126.644,324.805
2015-10-12,1445.207,215.958
2015-10-13,1511.174,127.045
2015-10-14,1541.517,131.671
2015-10-15,1543.672,174.998
2015-10-16,1508.635,85.51
2015-10-17,1271.678,25.188
2015-10-18,1179.09,31.86
2015-10-19,1492.327,20.771
2015-10-20,1515.969,28.515
2015-10-21,1511.232,129.95
2015-10-22,1514.531,262.632
2015-10-23,1464.955,169.687
2015-10-24,1245.404,141.877
2015-10-25,1166.55,107.513
2015-10-26,1460.365,142.089
2015-10-27,1501.482,162.714
2015-10-28,1513.639,162.39
2015-10-29,1505.791,30.978
2015-10-30,1482.989,91.141
2015-10-31,1237.624,188.01
2015-11-01,1163.587,77.939
2015-11-02,1487.294,36.538
2015-11-03,1524.191,27.695
2015-11-04,1523.905,88.244
2015-11-05,1505.157,104.743
2015-11-06,1479.034,217.747
2015-11-07,1269.524,350.353
2015-11-08,1162.261,317.087
2015-11-09,1496.931,578.692
2015-11-10,1533.091,586.768
2015-11-11,1521.932,385.009
2015-11-12,1518.605,283.663
2015-11-13,1512.112,468.868
2015-11-14,1298.132,575.84
2015-11-15,1203.657,530.79
2015-11-16,1504.112,433.9
2015-11-17,1542.282,493.618
2015-11-18,1533.125,689.13
2015-11-19,1550.195,654.28
2015-11-20,1531.888,304.537
2015-11-21,1312.858,195.65
2015-11-22,1241.689,295.042
2015-11-23,1563.445,155.925
2015-11-24,1616.77,408.152
2015-11-25,1613.408,175.267
2015-11-26,1596.015,97.362
2015-11-27,1573.074,248.985
2015-11-28,1364.086,494.205
2015-11-29,1267.062,696.637
2015-11-30,1571.189,597.162
2015-12-01,1588.021,402.695
2015-12-02,1585.308,344.001
2015-12-03,1577.457,279.523
2015-12-04,1570.318,509.941
2015-12-05,1337.095,584.727
2015-12-06,1232.073,589.627
2015-12-07,1536.251,115.882
2015-12-08,1572.74,216.441
2015-12-09,1586.393,279.995
2015-12-10,1596.593,383.741
2015-12-11,1578.22,519.489
2015-12-12,1334.376,422.251
2015-12-13,1242.101,288.095
2015-12-14,1554.947,110.012
2015-12-15,1567.9,81.591
2015-12-16,1562.404,253.007
2015-12-17,1512.095,348.145
2015-12-18,1462.443,328.025
2015-12-19,1255.073,315.386
2015-12-20,1165.159,370.892
2015-12-21,1396.454,583.385
2015-12-22,1379.031,636.047
2015-12-23,1312.974,552.049
2015-12-24,1121.944,450.484
2015-12-25,1047.277,420.504
2015-12-26,1049.349,608.375
2015-12-27,1068.214,440.394
2015-12-28,1219.075,206.191
2015-12-29,1233.66,305.635
2015-12-30,1238.863,365.176
2015-12-31,1158.103,358.33
2016-01-01,1060.366,107.209
2016-01-02,1192.698,409.622
2016-01-03,1179.282,406.296
2016-01-04,1456.294,278.46
2016-01-05,1506.737,206.468
2016-01-06,1454.685,156.044
2016-01-07,1540.304,313.603
2016-01-08,1515.84,460.876
2016-01-09,1311.996,205.629
2016-01-10,1217.985,344.477
2016-01-11,1543.692,199.876
2016-01-12,1574.058,309.153
2016-01-13,1595.181,340.799
2016-01-14,1594.6,236.936
2016-01-15,1589.38,150.572
2016-01-16,1376.513,141.733
2016-01-17,1288.699,103.349
2016-01-18,1629.911,89.969
2016-01-19,1672.32,169.572
2016-01-20,1661.646,114.692
2016-01-21,1657.049,47.232
2016-01-22,1653.635,206.777
2016-01-23,1400.292,279.839
2016-01-24,1274.629,256.695
2016-01-25,1556.816,306.528
2016-01-26,1570.884,484.666
2016-01-27,1574.427,659.563
2016-01-28,1559.91,463.767
2016-01-29,1545.318,650.345
2016-01-30,1339.319,673.814
2016-01-31,1233.714,490.027
2016-02-01,1533.857,567.769
2016-02-02,1565.493,695.821
2016-02-03,1583.04,534.971
2016-02-04,1588.979,364.409
2016-02-05,1545.368,270.007
2016-02-06,1293.588,412.127
2016-02-07,1209.617,515.967
2016-02-08,1498.211,751.656
2016-02-09,1550.349,614.367
2016-02-10,1578.526,402.859
2016-02-11,1562.214,321.219
2016-02-12,1541.945,84.493
2016-02-13,1331.757,169.924
2016-02-14,1228.404,280.404
2016-02-15,1565.899,213.62
2016-02-16,1596.259,77.664
2016-02-17,1611.729,197.773
2016-02-18,1584.18,81.678
2016-02-19,1575.679,124.39
2016-02-20,1366.934,607.082
2016-02-21,1229.811,640.254
2016-02-22,1534.638,538.076
2016-02-23,1575.798,293.991
2016-02-24,1578.573,251.744
2016-02-25,1581.22,165.289
2016-02-26,1543.553,88.154
2016-02-27,1314.531,114.991
2016-02-28,1221.887,187.645
2016-02-29,1544.11,245.95
2016-03-01,1581.822,247.365
2016-03-02,1573.211,359.877
2016-03-03,1562.373,105.489
2016-03-04,1548.866,282.382
2016-03-05,1317.666,84.151
2016-03-06,1223.36,121.344
2016-03-07,1531.428,58.417
2016-03-08,1574.837,73.723
2016-03-09,1563.842,242.1
2016-03-10,1546.814,126.091
2016-03-11,1531.62,93.16
2016-03-12,1320.899,88.706
2016-03-13,1217.183,136.273
2016-03-14,1511.613,92.64
2016-03-15,1568.054,158.489
2016-03-16,1560.626,259.235
2016-03-17,1530.473,82.665
2016-03-18,1518.48,134.001
2016-03-19,1313.651,128.629
2016-03-20,1210.452,280.151
2016-03-21,1518.724,317.208
2016-03-22,1534.757,175.309
2016-03-23,1527.499,139.667
2016-03-24,1491.316,78.905
2016-03-25,1200.708,179.416
2016-03-26,1175.789,245.276
2016-03-27,1078.086,417.863
2016-03-28,1114.596,496.78
2016-03-29,1442.356,412.702
2016-03-30,1491.498,296.894
2016-03-31,1482.205,115.269
2016-04-01,1451.858,96.55
2016-04-02,1218.446,175.062
2016-04-03,1107.613,103.749
2016-04-04,1418.247,138.275
2016-04-05,1453.871,144.458
2016-04-06,1466.728,414.337
2016-04-07,1472.789,345.799
2016-04-08,1440.043,88.271
2016-04-09,1206.636,76.923
2016-04-10,1106.457,155.992
2016-04-11,1412.149,228.264
2016-04-12,1446.925,96.344
2016-04-13,1458.691,48.092
2016-04-14,1447.353,57.073
2016-04-15,1429.323,216.47
2016-04-16,1200.125,321.74
2016-04-17,1113.521,190.566
2016-04-18,1428.782,254.759
2016-04-19,1452.976,395.765
2016-04-20,1438.061,181.417
2016-04-21,1433.142,101.879
2016-04-22,1410.083,149.515
2016-04-23,1208.184,197.282
2016-04-24,1126.023,174.225
2016-04-25,1456.44,258.048
2016-04-26,1493.585,270.621
2016-04-27,1507.164,390.803
2016-04-28,1483.175,184.048
2016-04-29,1451.057,303.943
2016-04-30,1205.869,150.234
2016-05-01,1078.602,179.87
2016-05-02,1405.185,81.868
2016-05-03,1462.935,208.678
2016-05-04,1430.136,84.961
2016-05-05,1111.379,150.624
2016-05-06,1254.051,255.574
2016-05-07,1149.938,315.362
2016-05-08,1072.653,390.557
2016-05-09,1403.845,360.421
2016-05-10,1431.813,258.663
2016-05-11,1441.717,304.436
2016-05-12,1444.324,319.678
2016-05-13,1405.332,216.936
2016-05-14,1168.618,387.183
2016-05-15,1048.215,391.687
2016-05-16,1080.327,264.281
2016-05-17,1406.559,193.38
2016-05-18,1432.772,88.949
2016-05-19,1436.909,60.078
2016-05-20,1415.619,179.2
2016-05-21,1175.567,133.517
2016-05-22,1099.152,217.768
2016-05-23,1430.635,179.097
2016-05-24,1454.007,179.908
2016-05-25,1426.676,27.068
2016-05-26,1221.096,21.7
2016-05-27,1313.71,37.271
2016-05-28,1169.531,85.468
2016-05-29,1096.905,163.103
2016-05-30,1423.574,246.019
2016-05-31,1435.085,106.179
2016-06-01,1431.441,174.74
2016-06-02,1421.839,108.363
2016-06-03,1394.273,102.326
2016-06-04,1170.051,54.248
2016-06-05,1076.44,51.03
2016-06-06,1393.733,69.562
2016-06-07,1419.232,48.539
2016-06-08,1420.198,162.731
2016-06-09,1405.974,100.748
2016-06-10,1371.476,141.588
2016-06-11,1156.451,43.853
2016-06-12,1080.805,85.063
2016-06-13,1390.936,105.647
2016-06-14,1413.197,66.559
2016-06-15,1408.312,52.425
2016-06-16,1405.908,31.063
2016-06-17,1382.577,161.169
2016-06-18,1162.117,141.464
2016-06-19,1066.99,87.349
2016-06-20,1377.795,225.611
2016-06-21,1408.899,95.575
2016-06-22,1426.195,54.656
2016-06-23,1446.406,149.945
2016-06-24,1427.889,100.46
2016-06-25,1195.55,131.554
2016-06-26,1071.035,167.573
2016-06-27,1389.253,173.928
2016-06-28,1415.082,95.775
2016-06-29,1422.497,233.871
2016-06-30,1420.479,151.654
2016-07-01,1397.573,252.986
2016-07-02,1173.694,267.166
2016-07-03,1064.118,184.803
2016-07-04,1375.612,55.848
2016-07-05,1416.841,337.075
2016-07-06,1413.597,430.53
2016-07-07,1400.162,112.993
2016-07-08,1393.535,230.053
2016-07-09,1167.211,202.267
2016-07-10,1088.476,189.084
2016-07-11,1408.131,330.197
2016-07-12,1418.663,149.814
2016-07-13,1392.884,66.368
2016-07-14,1395.855,304.15
2016-07-15,1362.975,287.953
2016-07-16,1142.248,126.345
2016-07-17,1065.412,105.563
2016-07-18,1371.539,103.149
2016-07-19,1399.163,43.356
2016-07-20,1419.223,139.192
2016-07-21,1419.319,82.85
2016-07-22,1386.894,68.983
2016-07-23,1167.148,39.23
2016-07-24,1076.257,17.042
2016-07-25,1382.122,45.957
2016-07-26,1401.714,39.085
2016-07-27,1396.615,86.509
2016-07-28,1383.221,48.287
2016-07-29,1351.661,125.464
2016-07-30,1142.74,108.953
2016-07-31,1054.524,70.33
2016-08-01,1321.94,136.108
2016-08-02,1356.852,91.285
2016-08-03,1382.448,275.575
2016-08-04,1376.755,237.706
2016-08-05,1333.847,136.095
2016-08-06,1126.238,162.146
2016-08-07,1038.178,219.447
2016-08-08,1339.952,350.032
2016-08-09,1348.403,191.315
2016-08-10,1342.669,178.861
2016-08-11,1336.473,193.681
2016-08-12,1332.298,190.515
2016-08-13,1134.686,263.628
2016-08-14,1036.969,98.414
2016-08-15,1286.423,64.967
2016-08-16,1346.943,63.308
2016-08-17,1342.218,45.539
2016-08-18,1354.995,47.811
2016-08-19,1341.012,50.566
2016-08-20,1143.534,147.607
2016-08-21,1042.629,246.759
2016-08-22,1357.518,179.294
2016-08-23,1389.365,59.531
2016-08-24,1405.574,120.302
2016-08-25,1414.684,180.961
2016-08-26,1399.299,126.573
2016-08-27,1183.501,91.286
2016-08-28,1095.56,215.476
2016-08-29,1401.324,228.763
2016-08-30,1387.894,86.649
2016-08-31,1401.426,62.143
2016-09-01,1407.52,77.946
2016-09-02,1382.375,104.553
2016-09-03,1156.702,109.438
2016-09-04,1091.754,272.31
2016-09-05,1384.297,137.314
2016-09-06,1398.754,51.471
2016-09-07,1405.116,78.329
2016-09-08,1420.959,114.339
2016-09-09,1392.97,62.264
2016-09-10,1173.301,59.951
2016-09-11,1088.362,71.635
2016-09-12,1409.987,90.561
2016-09-13,1446.824,161.695
2016-09-14,1442.332,226.501
2016-09-15,1436.421,263.849
2016-09-16,1397.158,87.373
2016-09-17,1179.558,182.262
2016-09-18,1087.556,186.179
2016-09-19,1389.524,55.548
2016-09-20,1410.447,24.112
2016-09-21,1407.202,38.319
2016-09-22,1401.531,31.322
2016-09-23,1383.836,74.257
2016-09-24,1160.873,91.768
2016-09-25,1074.47,176.28
2016-09-26,1394.293,51.975
2016-09-27,1422.983,139.471
2016-09-28,1435.492,463.103
2016-09-29,1436.797,514.517
2016-09-30,1403.626,223.673
2016-10-01,1175.987,111.097
2016-10-02,1081.683,183.434
2016-10-03,1105.195,193.54
2016-10-04,1422.066,363.248
2016-10-05,1455.863,375.078
2016-10-06,1489.808,336.553
2016-10-07,1452.49,147.233
2016-10-08,1233.154,136.664
2016-10-09,1143.149,64.247
2016-10-10,1456.039,35.63
2016-10-11,1494.224,178.161
2016-10-12,1495.956,197.458
2016-10-13,1503.571,331.642
2016-10-14,1477.953,419.218
2016-10-15,1243.613,210.1
2016-10-16,1136.267,125.356
2016-10-17,1461.414,132.59
2016-10-18,1489.622,164.324
2016-10-19,1503.565,204.847
2016-10-20,1506.204,144.763
2016-10-21,1479.348,123.034
2016-10-22,1247.09,74.708
2016-10-23,1154.998,72.829
2016-10-24,1482.911,111.547
2016-10-25,1499.188,42.555
2016-10-26,1495.441,78.295
2016-10-27,1495.821,225.143
2016-10-28,1480.316,375.774
2016-10-29,1243.55,273.698
2016-10-30,1141.624,95.191
2016-10-31,1331.536,57.291
2016-11-01,1301.873,249.784
2016-11-02,1519.388,426.114
2016-11-03,1532.05,123.489
2016-11-04,1509.537,256.743
2016-11-05,1299.408,182.205
2016-11-06,1204.939,201.677
2016-11-07,1529.163,163.15
2016-11-08,1571.629,114.086
2016-11-09,1577.031,128.014
2016-11-10,1577.657,131.252
2016-11-11,1568.043,110.925
2016-11-12,1343.044,118.342
2016-11-13,1252.972,160.852
2016-11-14,1564.09,268.23
2016-11-15,1604.101,383.509
2016-11-16,1574.039,389.678
2016-11-17,1564.308,530.966
2016-11-18,1544.541,630.467
2016-11-19,1334.341,404.577
2016-11-20,1233.973,653.836
2016-11-21,1533.053,392.469
2016-11-22,1552.999,242.999
2016-11-23,1546.154,87.572
2016-11-24,1565.587,236.318
2016-11-25,1544.217,135.453
2016-11-26,1336.736,152.083
2016-11-27,1236.953,280.778
2016-11-28,1573.721,202.377
2016-11-29,1628.617,225.935
2016-11-30,1638.339,492.352
2016-12-01,1631.279,673.199
2016-12-02,1585.45,305.234
2016-12-03,1371.141,71.49
2016-12-04,1299.91,94.521
2016-12-05,1614.383,83.789
2016-12-06,1650.038,81.145
2016-12-07,1671.129,326.674
2016-12-08,1632.362,488.881
2016-12-09,1591.42,426.732
2016-12-10,1345.308,392.208
2016-12-11,1267.997,541.689
2016-12-12,1569.869,162.478
2016-12-13,1602.297,105.683
2016-12-14,1595.293,61.788
2016-12-15,1601.397,190.446
2016-12-16,1567.488,129.076
2016-12-17,1365.579,95.797
2016-12-18,1266.495,123.343
2016-12-19,1542.018,73.534
2016-12-20,1572.427,165.172
2016-12-21,1567.399,309.568
2016-12-22,1512.661,257.197
2016-12-23,1415.811,395.296
2016-12-24,1195.354,681.509
2016-12-25,1117.673,719.778
2016-12-26,1121.213,718.16
2016-12-27,1289.324,640.895
2016-12-28,1294.881,214.99
2016-12-29,1295.897,167.698
2016-12-30,1291.044,239.257
2016-12-31,1212.568,315.063
2017-01-01,1130.413,307.125
2017-01-02,1441.052,295.099
2017-01-03,1529.99,666.173
2017-01-04,1553.083,686.578
2017-01-05,1547.238,261.758
2017-01-06,1501.795,115.723
2017-01-07,1405.145,252.307
2017-01-08,1301.011,41.261
2017-01-09,1604.348,190.983
2017-01-10,1639.046,280.373
2017-01-11,1654.809,637.259
2017-01-12,1620.597,584.792
2017-01-13,1608.895,518.618
2017-01-14,1392.736,487.189
2017-01-15,1289.904,229.77
2017-01-16,1605.465,69.209
2017-01-17,1649.104,79.363
2017-01-18,1669.395,148.915
2017-01-19,1667.477,121.272
2017-01-20,1641.737,109.383
2017-01-21,1423.02,78.893
2017-01-22,1340.341,50.774
2017-01-23,1663.492,39.71
2017-01-24,1682.002,31.375
2017-01-25,1674.171,70.772
2017-01-26,1659.527,235.128
2017-01-27,1629.164,254.27
2017-01-28,1394.033,208.827
2017-01-29,1296.17,304.952
2017-01-30,1605.356,338.292
2017-01-31,1620.86,124.784
2017-02-01,1627.965,221.296
2017-02-02,1604.12,254.391
2017-02-03,1574.576,188.038
2017-02-04,1344.391,211.453
2017-02-05,1238.879,118.332
2017-02-06,1574.502,152.119
2017-02-07,1621.574,264.513
2017-02-08,1625.415,219.683
2017-02-09,1637.74,207.538
2017-02-10,1622.785,290.957
2017-02-11,1386.709,329.651
2017-02-12,1293.212,350.271
2017-02-13,1597.275,338.186
2017-02-14,1593.56,205.089
2017-02-15,1579.457,98.879
2017-02-16,1576.044,282.404
2017-02-17,1556.106,255.288
2017-02-18,1327.272,160.163
2017-02-19,1245.979,348.515
2017-02-20,1563.139,648.807
2017-02-21,1566.902,580.922
2017-02-22,1584.343,826.278
2017-02-23,1561.235,705.403
2017-02-24,1539.603,522.109
2017-02-25,1319.075,413.771
2017-02-26,1208.725,545.141
2017-02-27,1467.695,558.405
2017-02-28,1532.536,602.224
2017-03-01,1551.41,463.541
2017-03-02,1541.733,640.792
2017-03-03,1514.114,323.879
2017-03-04,1265.589,253.254
2017-03-05,1185.541,375.785
2017-03-06,1519.85,244.779
2017-03-07,1554.86,98.963
2017-03-08,1565.245,362.636
2017-03-09,1545.066,348.595
2017-03-10,1496.809,301.929
2017-03-11,1265.416,142.969
2017-03-12,1170.7,322.132
2017-03-13,1478.837,107.996
2017-03-14,1508.366,282.164
2017-03-15,1497.831,310.125
2017-03-16,1485.207,235.86
2017-03-17,1477.5,520.791
2017-03-18,1294.453,666.659
2017-03-19,1180.593,527.13
2017-03-20,1476.082,540.378
2017-03-21,1510.116,405.316
2017-03-22,1511.842,168.379
2017-03-23,1498.325,211.129
2017-03-24,1467.528,152.37
2017-03-25,1234.089,203.035
2017-03-26,1126.869,79.326
2017-03-27,1429.636,71.216
2017-03-28,1445.382,111.191
2017-03-29,1455.418,347.697
2017-03-30,1439.171,213.209
2017-03-31,1402.585,260.808
2017-04-01,1186.056,82.512
2017-04-02,1096.921,110.511
2017-04-03,1407.901,58.207
2017-04-04,1426.521,40.669
2017-04-05,1456.718,333.525
2017-04-06,1463.906,398.403
2017-04-07,1450.322,404.733
2017-04-08,1202.753,65.957
2017-04-09,1106.114,96.046
2017-04-10,1430.915,501.673
2017-04-11,1451.163,363.86
2017-04-12,1455.273,561.129
2017-04-13,1420.099,470.227
2017-04-14,1130.276,261.474
2017-04-15,1154.583,537.558
2017-04-16,1048.707,292.344
2017-04-17,1086.456,211.533
2017-04-18,1432.359,288.26
2017-04-19,1476.37,164.627
2017-04-20,1472.599,122.122
2017-04-21,1458.738,447.727
2017-04-22,1254.143,545.897
2017-04-23,1156.946,393.913
2017-04-24,1448.633,325.098
2017-04-25,1482.644,241.647
2017-04-26,1488.591,54.224
2017-04-27,1485.878,119.392
2017-04-28,1452.533,94.467
2017-04-29,1209.53,109.14
2017-04-30,1091.063,435.487
2017-05-01,1103.225,440.713
2017-05-02,1452.669,403.34
2017-05-03,1471.946,312.202
2017-05-04,1487.176,367.415
2017-05-05,1446.117,147.428
2017-05-06,1199.384,104.874
2017-05-07,1113.129,102.377
2017-05-08,1442.223,267.939
2017-05-09,1434.6,77.052
2017-05-10,1425.515,107.246
2017-05-11,1419.331,199.236
2017-05-12,1406.466,192.3
2017-05-13,1171.82,77.736
2017-05-14,1071.069,87.588
2017-05-15,1387.278,71.279
2017-05-16,1421.664,124.901
2017-05-17,1426.872,187.556
2017-05-18,1429.989,189.879
2017-05-19,1416.083,215.484
2017-05-20,1171.156,153.796
2017-05-21,1070.711,72.355
2017-05-22,1383.231,67.128
2017-05-23,1419.738,237.766
2017-05-24,1397.888,256.285
2017-05-25,1094.2,150.751
2017-05-26,1229.704,88.716
2017-05-27,1140.566,209.174
2017-05-28,1079.39,161.911
2017-05-29,1414.019,55.642
2017-05-30,1450.411,212.497
2017-05-31,1437.944,304.1
2017-06-01,1407.461,88.558
2017-06-02,1392.361,50.816
2017-06-03,1162.876,97.751
2017-06-04,1016.024,231.531
2017-06-05,1028.159,121.56
2017-06-06,1367.605,452.613
2017-06-07,1401.233,669.219
2017-06-08,1388.365,282.752
2017-06-09,1380.886,236.119
2017-06-10,1149.633,89.474
2017-06-11,1067.459,196.269
2017-06-12,1393.638,508.764
2017-06-13,1400.213,306.515
2017-06-14,1369.96,67.958
2017-06-15,1204.597,149.851
2017-06-16,1302.817,481.14
2017-06-17,1139.368,252.582
2017-06-18,1065.075,46
2017-06-19,1394.063,31.187
2017-06-20,1440.547,148.468
2017-06-21,1434.325,53.055
2017-06-22,1459.289,272.141
2017-06-23,1425.38,427.696
2017-06-24,1184.272,378.218
2017-06-25,1086.637,346.377
2017-06-26,1399.3,216.418
2017-06-27,1417.749,97.724
2017-06-28,1431.5,254.201
2017-06-29,1411.06,193.698
2017-06-30,1383.979,379.31
2017-07-01,1160.762,326.425
2017-07-02,1074.715,312.884
2017-07-03,1368.537,274.607
2017-07-04,1393.457,172.131
2017-07-05,1396.984,33.863
2017-07-06,1408.679,51.188
2017-07-07,1395.258,123.191
2017-07-08,1173.655,132.115
2017-07-09,1066.22,49.084
2017-07-10,1387.963,85.882
2017-07-11,1394.364,172.819
2017-07-12,1412.276,353.673
2017-07-13,1374.525,183.807
2017-07-14,1343.568,85.729
2017-07-15,1124.203,81.754
2017-07-16,1046.128,160.913
2017-07-17,1350.745,98.54
2017-07-18,1380.639,79.389
2017-07-19,1411.458,234.007
2017-07-20,1401.05,163.698
2017-07-21,1355.297,110.599
2017-07-22,1151.213,166.016
2017-07-23,1048.236,207.802
2017-07-24,1336.969,85.82
2017-07-25,1373.256,289.62
2017-07-26,1365.235,248.693
2017-07-27,1356.974,176.05
2017-07-28,1328.12,287.311
2017-07-29,1132.547,293.623
2017-07-30,1061.415,327.095
2017-07-31,1333.13,125.196
2017-08-01,1364.819,100.08
2017-08-02,1365.735,103.491
2017-08-03,1389.445,402.361
2017-08-04,1349.423,455.379
2017-08-05,1130.134,232.881
2017-08-06,1024.324,168.42
2017-08-07,1302.062,123.843
2017-08-08,1343.899,247.468
2017-08-09,1342.432,208.824
2017-08-10,1351.491,100.274
2017-08-11,1329.039,108.577
2017-08-12,1121.458,305.908
2017-08-13,1025.07,101.266
2017-08-14,1305.341,136.416
2017-08-15,1333.398,182.064
2017-08-16,1364.029,68.592
2017-08-17,1377.745,207.76
2017-08-18,1362.48,190.792
2017-08-19,1130.982,362.033
2017-08-20,1042.809,314.058
2017-08-21,1347.212,211.871
2017-08-22,1363.146,87.144
2017-08-23,1365.414,83.431
2017-08-24,1381.885,188.635
2017-08-25,1363.835,84.581
2017-08-26,1155.017,51.277
2017-08-27,1066.659,130.055
2017-08-28,1369.098,45.224
2017-08-29,1409.367,98.161
2017-08-30,1434.052,190.435
2017-08-31,1417.97368,208.497
2017-09-01,1361.78735,34.233
2017-09-02,1135.72984,37.373
2017-09-03,1057.50932,26.179
2017-09-04,1359.36636,81.042
2017-09-05,1391.71549,107.604
2017-09-06,1421.76263,409.909
2017-09-07,1406.76505,328.328
2017-09-08,1407.68179,516.67
2017-09-09,1187.91825,276.054
2017-09-10,1092.1046,307.774
2017-09-11,1411.22858,576.26
2017-09-12,1428.50639,460.808
2017-09-13,1460.61621,761.751
2017-09-14,1456.47487,633.358
2017-09-15,1409.7847,316.345
2017-09-16,1181.50447,68.909
2017-09-17,1095.32021,25.43
2017-09-18,1403.63214,55.376
2017-09-19,1429.80947,86.278
2017-09-20,1442.87787,137.566
2017-09-21,1421.64603,45.21
2017-09-22,1401.40633,16.478
2017-09-23,1191.10345,28.878
2017-09-24,1115.07288,53.474
2017-09-25,1419.59171,104.591
2017-09-26,1445.40606,139.101
2017-09-27,1451.00792,144.547
2017-09-28,1446.44828,132.507
2017-09-29,1427.92132,177.389
2017-09-30,1216.86135,198.308
2017-10-01,1106.68587,218.24
2017-10-02,1327.67473,574.759
2017-10-03,1176.7697,459.135
2017-10-04,1458.9855,642.753
2017-10-05,1480.53577,742.246
2017-10-06,1463.70211,580.863
2017-10-07,1248.2794,646.636
2017-10-08,1150.3125,302.855
2017-10-09,1458.46922,164.778
2017-10-10,1489.54663,331.486
2017-10-11,1490.02758,521.616
2017-10-12,1492.93612,616.934
2017-10-13,1463.11905,297.716
2017-10-14,1234.93129,293.482
2017-10-15,1119.08821,224.28
2017-10-16,1438.02368,251.441
2017-10-17,1464.32599,260.015
2017-10-18,1460.71347,64.256
2017-10-19,1466.94208,160.674
2017-10-20,1469.67145,351.583
2017-10-21,1246.57986,285.421
2017-10-22,1164.39959,424.767
2017-10-23,1483.51188,258.992
2017-10-24,1508.51484,290.4
2017-10-25,1506.14869,454.959
2017-10-26,1493.68102,327.71
2017-10-27,1480.50323,528.191
2017-10-28,1284.26158,819.818
2017-10-29,1176.91823,720.079
2017-10-30,1345.87389,407.052
2017-10-31,1204.08577,256.96
2017-11-01,1309.18478,420.446
2017-11-02,1474.19484,336.745
2017-11-03,1471.18241,115.927
2017-11-04,1284.77485,309.381
2017-11-05,1193.85495,259.371
2017-11-06,1505.67173,98.42
2017-11-07,1545.63945,148.785
2017-11-08,1547.48171,62.667
2017-11-09,1557.63091,210.488
2017-11-10,1560.41732,627.814
2017-11-11,1346.43916,530.919
2017-11-12,1241.51495,235.422
2017-11-13,1538.83561,205.072
2017-11-14,1577.45348,294.483
2017-11-15,1562.03367,98.029
2017-11-16,1574.73479,179.491
2017-11-17,1552.2178,204.464
2017-11-18,1369.91888,606.663
2017-11-19,1268.00462,721.238
2017-11-20,1565.56805,380.284
2017-11-21,1576.49592,318.591
2017-11-22,1558.72998,588.234
2017-11-23,1581.7877,730.728
2017-11-24,1528.12694,313.086
2017-11-25,1333.15585,238.67
2017-11-26,1276.09818,599.33
2017-11-27,1602.17797,743.28
2017-11-28,1615.38061,514.931
2017-11-29,1603.98435,99.653
2017-11-30,1617.03309,66.389
2017-12-01,1592.96187,52.323
2017-12-02,1391.85405,126.274
2017-12-03,1330.26226,387.49
2017-12-04,1620.97758,479.798
2017-12-05,1643.72307,611.488
2017-12-06,1639.08265,632.501
2017-12-07,1628.47979,743.725
2017-12-08,1618.05658,652.83
2017-12-09,1415.34531,712.317
2017-12-10,1318.10964,622.944
2017-12-11,1614.15862,415.109
2017-12-12,1647.36346,590.101
2017-12-13,1651.90418,721.54
2017-12-14,1636.54375,666.438
2017-12-15,1576.93197,176.418
2017-12-16,1382.87708,277.391
2017-12-17,1297.21916,250.726
2017-12-18,1578.69079,134.843
2017-12-19,1586.4823,99.098
2017-12-20,1559.68569,90.88
2017-12-21,1520.37206,259.039
2017-12-22,1423.23782,228.773
2017-12-23,1272.17085,748.074
2017-12-24,1141.7573,812.422
2017-12-25,1111.28338,587.81
2017-12-26,1130.11683,717.453
2017-12-27,1263.94091,394.507
2017-12-28,1299.86398,506.424
2017-12-29,1295.08753,584.277
2017-12-30,1215.44897,721.247
2017-12-31,1107.11488,721.176