,points,aces,result,manyaces
0,0.39805825242718446,0.038834951456310676,False,False
1,0.6132075471698113,0.07547169811320754,True,True
2,0.5337837837837838,0.05405405405405406,False,True
3,0.46153846153846156,0.023076923076923078,False,False
5,0.4632352941176471,0.007352941176470588,False,False
11,0.5634920634920635,0.015873015873015872,True,False
12,0.5097087378640777,0.024271844660194174,False,False
13,0.5882352941176471,0.0392156862745098,True,False
14,0.5572519083969466,0.04580152671755725,True,True
15,0.532051282051282,0.038461538461538464,False,False
16,0.42342342342342343,0.036036036036036036,False,False
17,0.5136986301369864,0.0273972602739726,False,False
19,0.4375,0.013888888888888888,False,False
20,0.5531914893617021,0.04964539007092199,True,True
21,0.4357142857142857,0.04285714285714286,False,False
22,0.5818181818181818,0.08181818181818182,True,True
23,0.4742268041237113,0.020618556701030927,False,False
24,0.42748091603053434,0.007633587786259542,False,False
29,0.3867924528301887,0.0,False,False
30,0.5105740181268882,0.02416918429003021,False,False
31,0.3904761904761905,0.0,False,False
36,0.44,0.013333333333333334,False,False
42,0.39655172413793105,0.0,False,False
45,0.4722222222222222,0.03333333333333333,False,False
48,0.5179282868525896,0.055776892430278883,False,True
49,0.552,0.08,False,True
50,0.478494623655914,0.03225806451612903,False,False
51,0.5023255813953489,0.013953488372093023,False,False
52,0.5042372881355932,0.05084745762711865,False,True
53,0.42727272727272725,0.02727272727272727,False,False
58,0.517948717948718,0.05128205128205128,False,True
59,0.4620253164556962,0.0379746835443038,False,False
60,0.46153846153846156,0.04142011834319527,False,False
61,0.5341614906832298,0.012422360248447204,False,False
62,0.4503311258278146,0.019867549668874173,False,False
63,0.5294117647058824,0.07058823529411765,False,True
64,0.45714285714285713,0.05,False,True
65,0.575,0.075,True,True
66,0.53125,0.0390625,False,False
67,0.5327868852459017,0.07377049180327869,False,True
68,0.4977578475336323,0.053811659192825115,False,True
69,0.4965277777777778,0.052083333333333336,False,True
70,0.5,0.04824561403508772,False,True
71,0.5555555555555556,0.03968253968253968,True,False
72,0.5416666666666666,0.05,False,True
73,0.5355191256830601,0.03278688524590164,False,False
80,0.49280575539568344,0.0539568345323741,False,True
81,0.6060606060606061,0.09090909090909091,True,True
82,0.5244755244755245,0.04895104895104895,False,True
83,0.4666666666666667,0.014814814814814815,False,False
84,0.4715909090909091,0.03977272727272727,False,False
85,0.47282608695652173,0.08152173913043478,False,True
87,0.47641509433962265,0.03773584905660377,False,False
88,0.48523206751054854,0.04219409282700422,False,False
89,0.4330708661417323,0.023622047244094488,False,False
90,0.5739130434782609,0.02608695652173913,True,False
91,0.625,0.10227272727272728,True,True
92,0.4628099173553719,0.06611570247933884,False,True
93,0.5078740157480315,0.01968503937007874,False,False
94,0.545045045045045,0.036036036036036036,False,False
95,0.5115089514066496,0.03580562659846547,False,False
96,0.45064377682403434,0.03862660944206009,False,False
97,0.36,0.02,False,False
98,0.42452830188679247,0.03773584905660377,False,False
99,0.48484848484848486,0.025252525252525252,False,False
100,0.375,0.010416666666666666,False,False
101,0.45901639344262296,0.02185792349726776,False,False
102,0.5511811023622047,0.05511811023622047,False,True
103,0.4460431654676259,0.03597122302158273,False,False
104,0.5054945054945055,0.03296703296703297,False,False
105,0.5546218487394958,0.05042016806722689,True,True
106,0.5542857142857143,0.017142857142857144,True,False
107,0.4697986577181208,0.013422818791946308,False,False
108,0.580952380952381,0.05714285714285714,True,True
109,0.5528455284552846,0.04878048780487805,True,True
110,0.49214659685863876,0.020942408376963352,False,False
111,0.5245901639344263,0.03278688524590164,False,False
112,0.5981308411214953,0.028037383177570093,True,False
113,0.53125,0.057291666666666664,False,True
114,0.5306122448979592,0.02040816326530612,False,False
115,0.49444444444444446,0.027777777777777776,False,False
118,0.5248868778280543,0.06334841628959276,False,True
119,0.5639810426540285,0.04265402843601896,True,False
120,0.4186046511627907,0.040697674418604654,False,False
121,0.44715447154471544,0.08943089430894309,False,True
122,0.6022727272727273,0.06818181818181818,True,True
123,0.461038961038961,0.045454545454545456,False,True
125,0.48695652173913045,0.06521739130434782,False,True
126,0.5727272727272728,0.08181818181818182,True,True
127,0.5535714285714286,0.05357142857142857,True,True
128,0.5141242937853108,0.062146892655367235,False,True
129,0.5507246376811594,0.07246376811594203,False,True
130,0.45,0.011111111111111112,False,False
132,0.4603174603174603,0.037037037037037035,False,False
133,0.5,0.06896551724137931,False,True
134,0.5251798561151079,0.04316546762589928,False,False
135,0.4691358024691358,0.018518518518518517,False,False
136,0.5214723926380368,0.049079754601226995,False,True
137,0.5270935960591133,0.06403940886699508,False,True
138,0.5930232558139535,0.09302325581395349,True,True
139,0.5615763546798029,0.054187192118226604,True,True
140,0.39568345323741005,0.007194244604316547,False,False
141,0.358695652173913,0.06521739130434782,False,True
142,0.635036496350365,0.13138686131386862,True,True
143,0.48299319727891155,0.034013605442176874,False,False
144,0.5294117647058824,0.03529411764705882,False,False
145,0.5135135135135135,0.06756756756756757,False,True
146,0.496551724137931,0.041379310344827586,False,False
147,0.55,0.014285714285714285,False,False
148,0.6904761904761905,0.09523809523809523,True,True
149,0.5070422535211268,0.056338028169014086,False,True
150,0.4435483870967742,0.024193548387096774,False,False
151,0.5336538461538461,0.04326923076923077,False,False
152,0.5333333333333333,0.05333333333333334,False,True
153,0.49056603773584906,0.04245283018867924,False,False
154,0.5792349726775956,0.0546448087431694,True,True
155,0.5158227848101266,0.028481012658227847,False,False
156,0.5198237885462555,0.01762114537444934,False,False
157,0.5454545454545454,0.019762845849802372,False,False
158,0.4805194805194805,0.008658008658008658,False,False
159,0.4649122807017544,0.0,False,False
160,0.5131578947368421,0.017543859649122806,False,False
161,0.5058823529411764,0.023529411764705882,False,False
162,0.46923076923076923,0.038461538461538464,False,False
163,0.539568345323741,0.050359712230215826,False,True
164,0.5207100591715976,0.0,False,False
165,0.6237623762376238,0.039603960396039604,True,False
166,0.4453125,0.0234375,False,False
170,0.6236559139784946,0.03225806451612903,True,False
171,0.5376344086021505,0.04838709677419355,False,True
172,0.5061224489795918,0.053061224489795916,False,True
173,0.3939393939393939,0.010101010101010102,False,False
174,0.48677248677248675,0.026455026455026454,False,False
175,0.5736434108527132,0.031007751937984496,True,False
176,0.5208333333333334,0.041666666666666664,False,False
177,0.5688073394495413,0.06422018348623854,True,True
178,0.5454545454545454,0.06951871657754011,False,True
179,0.5022222222222222,0.04888888888888889,False,True
180,0.5147058823529411,0.125,False,True
181,0.5793650793650794,0.11904761904761904,True,True
182,0.5211267605633803,0.04929577464788732,False,True
183,0.5116279069767442,0.07441860465116279,False,True
186,0.6238532110091743,0.01834862385321101,True,False
187,0.5086705202312138,0.04046242774566474,False,False
188,0.5384615384615384,0.06837606837606838,False,True
189,0.5567567567567567,0.07567567567567568,True,True
190,0.5324074074074074,0.032407407407407406,False,False
191,0.5327868852459017,0.02459016393442623,False,False
192,0.5489130434782609,0.06521739130434782,False,True
193,0.4520547945205479,0.0593607305936073,False,True
194,0.5517241379310345,0.008620689655172414,False,False
195,0.6385542168674698,0.03614457831325301,True,False
196,0.4838709677419355,0.0064516129032258064,False,False
197,0.5714285714285714,0.03571428571428571,True,False
198,0.5960264900662252,0.046357615894039736,True,True
199,0.5692307692307692,0.05384615384615385,True,True
200,0.4878048780487805,0.012195121951219513,False,False
202,0.5643564356435643,0.04950495049504951,True,True
203,0.5681818181818182,0.05303030303030303,True,True
204,0.45517241379310347,0.05517241379310345,False,True
205,0.5701754385964912,0.03508771929824561,True,False
206,0.5798319327731093,0.06722689075630252,True,True
207,0.5714285714285714,0.031746031746031744,True,False
208,0.4830917874396135,0.04830917874396135,False,True
210,0.5819672131147541,0.040983606557377046,True,False
211,0.5714285714285714,0.031746031746031744,True,False
212,0.4732824427480916,0.030534351145038167,False,False
213,0.6017699115044248,0.05309734513274336,True,True
214,0.5279187817258884,0.02030456852791878,False,False
215,0.5982905982905983,0.042735042735042736,True,False
216,0.5964912280701754,0.03508771929824561,True,False
217,0.5301724137931034,0.05172413793103448,False,True
218,0.6891891891891891,0.05405405405405406,True,True
219,0.5578947368421052,0.031578947368421054,True,False
220,0.45454545454545453,0.03787878787878788,False,False
223,0.5520361990950227,0.03619909502262444,False,False
224,0.5864197530864198,0.07407407407407407,True,True
225,0.5281385281385281,0.03463203463203463,False,False
226,0.4536082474226804,0.020618556701030927,False,False
228,0.45320197044334976,0.029556650246305417,False,False
229,0.477124183006536,0.0457516339869281,False,True
230,0.44516129032258067,0.03870967741935484,False,False
231,0.5379310344827586,0.08275862068965517,False,True
232,0.4645161290322581,0.04516129032258064,False,True
233,0.43956043956043955,0.005494505494505495,False,False
234,0.5754716981132075,0.02830188679245283,True,False
235,0.5245901639344263,0.01639344262295082,False,False
236,0.4823529411764706,0.01764705882352941,False,False
237,0.5353535353535354,0.07575757575757576,False,True
238,0.5564516129032258,0.04032258064516129,True,False
239,0.5471698113207547,0.08490566037735849,False,True
240,0.5089820359281437,0.0658682634730539,False,True
241,0.4303030303030303,0.030303030303030304,False,False
242,0.5746268656716418,0.03731343283582089,True,False
243,0.6309523809523809,0.047619047619047616,True,True
244,0.536,0.016,False,False
245,0.5302013422818792,0.04697986577181208,False,True
246,0.5428571428571428,0.05,False,True
247,0.5606060606060606,0.020202020202020204,True,False
248,0.4351851851851852,0.05555555555555555,False,True
250,0.41346153846153844,0.028846153846153848,False,False
252,0.556390977443609,0.05263157894736842,True,True
253,0.5963302752293578,0.05504587155963303,True,True
254,0.6304347826086957,0.043478260869565216,True,False
255,0.6236559139784946,0.053763440860215055,True,True
256,0.5597014925373134,0.04477611940298507,True,True
257,0.4977973568281938,0.04405286343612335,False,False
258,0.5294117647058824,0.058823529411764705,False,True
259,0.5454545454545454,0.022727272727272728,False,False
260,0.4444444444444444,0.07936507936507936,False,True
261,0.559322033898305,0.05084745762711865,True,True
262,0.3958333333333333,0.03125,False,False
263,0.5739130434782609,0.043478260869565216,True,False
265,0.48868778280542985,0.05429864253393665,False,True
268,0.5401459854014599,0.043795620437956206,False,False
269,0.5550239234449761,0.03827751196172249,True,False
270,0.536144578313253,0.07228915662650602,False,True
271,0.5029940119760479,0.04790419161676647,False,True
272,0.4807692307692308,0.02403846153846154,False,False
273,0.5578947368421052,0.04736842105263158,True,True
274,0.5663265306122449,0.05102040816326531,True,True
275,0.5333333333333333,0.03111111111111111,False,False
276,0.49279538904899134,0.07204610951008646,False,True
277,0.5126582278481012,0.02531645569620253,False,False
278,0.5691056910569106,0.04065040650406504,True,False
279,0.507177033492823,0.06698564593301436,False,True
280,0.54,0.04666666666666667,False,True
281,0.5894736842105263,0.07368421052631578,True,True
282,0.5020746887966805,0.08298755186721991,False,True
283,0.6037735849056604,0.018867924528301886,True,False
284,0.6176470588235294,0.058823529411764705,True,True
285,0.5798319327731093,0.10084033613445378,True,True
286,0.6041666666666666,0.0763888888888889,True,True
288,0.5625,0.05357142857142857,True,True
289,0.5206611570247934,0.06611570247933884,False,True
290,0.4426229508196721,0.02459016393442623,False,False
291,0.5858585858585859,0.030303030303030304,True,False
292,0.4896265560165975,0.04149377593360996,False,False
294,0.5818181818181818,0.045454545454545456,True,True
295,0.5294117647058824,0.026143790849673203,False,False
296,0.5093457943925234,0.04672897196261682,False,True
297,0.49707602339181284,0.07602339181286549,False,True
298,0.6057692307692307,0.009615384615384616,True,False
299,0.5300546448087432,0.01092896174863388,False,False
300,0.5462962962962963,0.05555555555555555,False,True
301,0.6016260162601627,0.032520325203252036,True,False
302,0.5864197530864198,0.06172839506172839,True,True
305,0.5707317073170731,0.07317073170731707,True,True
306,0.6423357664233577,0.0364963503649635,True,False
307,0.5414847161572053,0.043668122270742356,False,False
308,0.4666666666666667,0.06274509803921569,False,True
309,0.5327102803738317,0.06542056074766354,False,True
310,0.4945652173913043,0.07608695652173914,False,True
311,0.5243243243243243,0.05945945945945946,False,True
312,0.5675675675675675,0.009009009009009009,True,False
313,0.5688073394495413,0.03669724770642202,True,False
314,0.5714285714285714,0.06722689075630252,True,True
315,0.4918918918918919,0.04864864864864865,False,True
316,0.5663265306122449,0.08163265306122448,True,True
317,0.6483516483516484,0.0989010989010989,True,True
319,0.5736434108527132,0.09302325581395349,True,True
320,0.4862068965517241,0.06551724137931035,False,True
321,0.5612244897959183,0.07653061224489796,True,True
322,0.6148648648648649,0.04054054054054054,True,False
323,0.5613207547169812,0.06132075471698113,True,True
324,0.5064935064935064,0.03896103896103896,False,False
325,0.5670103092783505,0.06701030927835051,True,True
326,0.5628415300546448,0.09289617486338798,True,True
327,0.5538461538461539,0.1076923076923077,True,True
328,0.5671641791044776,0.04477611940298507,True,True
329,0.5540540540540541,0.07432432432432433,True,True
330,0.5540540540540541,0.060810810810810814,True,True
331,0.5319148936170213,0.05106382978723404,False,True
332,0.631578947368421,0.031578947368421054,True,False
333,0.6448598130841121,0.04672897196261682,True,True
334,0.59,0.03,True,False
335,0.6555555555555556,0.022222222222222223,True,False
336,0.48947368421052634,0.005263157894736842,False,False
337,0.576,0.04,True,False
338,0.5476190476190477,0.08333333333333333,False,True
339,0.6666666666666666,0.011904761904761904,True,False
340,0.5445026178010471,0.031413612565445025,False,False
341,0.6,0.03529411764705882,True,False
342,0.48559670781893005,0.03292181069958848,False,False
343,0.5535714285714286,0.05357142857142857,True,True
344,0.5700934579439252,0.009345794392523364,True,False
345,0.5980392156862745,0.029411764705882353,True,False
346,0.62,0.02,True,False
347,0.6041666666666666,0.041666666666666664,True,False
351,0.6033057851239669,0.05785123966942149,True,True
352,0.5813953488372093,0.06976744186046512,True,True
353,0.5546875,0.0078125,True,False
354,0.5020080321285141,0.05220883534136546,False,True
355,0.5371428571428571,0.06857142857142857,False,True
356,0.4662576687116564,0.024539877300613498,False,False
357,0.5603448275862069,0.017241379310344827,True,False
358,0.5547445255474452,0.021897810218978103,True,False
359,0.5428571428571428,0.02857142857142857,False,False
360,0.6210526315789474,0.031578947368421054,True,False
361,0.5573770491803278,0.02459016393442623,True,False
362,0.5487804878048781,0.054878048780487805,False,True
363,0.6404494382022472,0.011235955056179775,True,False
364,0.5865384615384616,0.08653846153846154,True,True
365,0.47560975609756095,0.03048780487804878,False,False
366,0.5432098765432098,0.06172839506172839,False,True
367,0.5619834710743802,0.08264462809917356,True,True
368,0.5135135135135135,0.06486486486486487,False,True
369,0.553030303030303,0.022727272727272728,True,False
370,0.5524475524475524,0.03496503496503497,False,False
373,0.5245283018867924,0.03018867924528302,False,False
374,0.5911949685534591,0.018867924528301886,True,False
375,0.592814371257485,0.05389221556886228,True,True
376,0.4875444839857651,0.03202846975088968,False,False
377,0.41818181818181815,0.02727272727272727,False,False
378,0.5217391304347826,0.07729468599033816,False,True
379,0.5338983050847458,0.07627118644067797,False,True
380,0.4557823129251701,0.013605442176870748,False,False
381,0.5845070422535211,0.056338028169014086,True,True
382,0.5609756097560976,0.04878048780487805,True,True
383,0.5168539325842697,0.05056179775280899,False,True
384,0.5269461077844312,0.04790419161676647,False,True
385,0.6078431372549019,0.08823529411764706,True,True
386,0.5324675324675324,0.08441558441558442,False,True
387,0.6451612903225806,0.06451612903225806,True,True
388,0.5379310344827586,0.09655172413793103,False,True
389,0.5193370165745856,0.03867403314917127,False,False
390,0.5871559633027523,0.10091743119266056,True,True
391,0.5714285714285714,0.06043956043956044,True,True
392,0.5882352941176471,0.03619909502262444,True,False
393,0.5549738219895288,0.05235602094240838,True,True
395,0.49333333333333335,0.05333333333333334,False,True
396,0.5569620253164557,0.04430379746835443,True,True
397,0.6097560975609756,0.06707317073170732,True,True
400,0.5294117647058824,0.058823529411764705,False,True
401,0.5434782608695652,0.08695652173913043,False,True
402,0.5789473684210527,0.11403508771929824,True,True
403,0.54421768707483,0.02040816326530612,False,False
404,0.5408805031446541,0.025157232704402517,False,False
405,0.5609756097560976,0.04878048780487805,True,True
406,0.5474452554744526,0.0948905109489051,False,True
407,0.6559139784946236,0.0967741935483871,True,True
408,0.5221674876847291,0.03940886699507389,False,False
409,0.5290697674418605,0.040697674418604654,False,False
410,0.5454545454545454,0.04242424242424243,False,False
411,0.5686274509803921,0.029411764705882353,True,False
412,0.6133333333333333,0.04,True,False
413,0.6880733944954128,0.05504587155963303,True,True
414,0.5647058823529412,0.06470588235294118,True,True
415,0.5510204081632653,0.030612244897959183,False,False
416,0.5418502202643172,0.08370044052863436,False,True
417,0.5634517766497462,0.030456852791878174,True,False
418,0.5226480836236934,0.041811846689895474,False,False
419,0.6016949152542372,0.0847457627118644,True,True
420,0.5983606557377049,0.02459016393442623,True,False
421,0.576271186440678,0.0423728813559322,True,False
422,0.5757575757575758,0.04040404040404041,True,False
423,0.6274509803921569,0.029411764705882353,True,False
424,0.6484375,0.03125,True,False
425,0.5319148936170213,0.02127659574468085,False,False
426,0.46774193548387094,0.053763440860215055,False,True
427,0.5439560439560439,0.06043956043956044,False,True
428,0.6129032258064516,0.010752688172043012,True,False
429,0.5737704918032787,0.00819672131147541,True,False
430,0.5576923076923077,0.019230769230769232,True,False
431,0.6451612903225806,0.053763440860215055,True,True
432,0.5488372093023256,0.03255813953488372,False,False
433,0.5227272727272727,0.030303030303030304,False,False
434,0.4772727272727273,0.03409090909090909,False,False
438,0.5085714285714286,0.04,False,False
439,0.4423076923076923,0.07692307692307693,False,True
441,0.6116504854368932,0.04854368932038835,True,True
442,0.5648148148148148,0.05555555555555555,True,True
443,0.5803571428571429,0.0625,True,True
444,0.6176470588235294,0.0392156862745098,True,False
445,0.5337078651685393,0.06741573033707865,False,True
446,0.5979381443298969,0.030927835051546393,True,False
447,0.5229885057471264,0.022988505747126436,False,False
448,0.5481481481481482,0.044444444444444446,False,True
449,0.5775862068965517,0.02586206896551724,True,False
450,0.5328467153284672,0.021897810218978103,False,False
451,0.5759493670886076,0.0379746835443038,True,False
452,0.5655737704918032,0.040983606557377046,True,False
453,0.5207100591715976,0.023668639053254437,False,False
454,0.46357615894039733,0.013245033112582781,False,False
457,0.6040268456375839,0.087248322147651,True,True
458,0.5649717514124294,0.02824858757062147,True,False
459,0.6484375,0.0390625,True,False
460,0.5347826086956522,0.06086956521739131,False,True
461,0.5122950819672131,0.08196721311475409,False,True
462,0.5714285714285714,0.07142857142857142,True,True
463,0.5485436893203883,0.038834951456310676,False,False
464,0.49056603773584906,0.012578616352201259,False,False
465,0.5202020202020202,0.020202020202020204,False,False
466,0.5373134328358209,0.022388059701492536,False,False
467,0.6875,0.0625,True,True
468,0.4637305699481865,0.023316062176165803,False,False
469,0.5345911949685535,0.031446540880503145,False,False
470,0.5775862068965517,0.02586206896551724,True,False
471,0.559322033898305,0.05084745762711865,True,True
472,0.5887850467289719,0.037383177570093455,True,False
473,0.5492957746478874,0.014084507042253521,False,False
475,0.6639344262295082,0.09016393442622951,True,True
476,0.5497835497835498,0.03896103896103896,False,False
477,0.5677083333333334,0.052083333333333336,True,True
478,0.5265151515151515,0.026515151515151516,False,False
479,0.610738255033557,0.0738255033557047,True,True
480,0.5344827586206896,0.027586206896551724,False,False
481,0.5546218487394958,0.07983193277310924,True,True
482,0.524390243902439,0.024390243902439025,False,False
483,0.5363128491620112,0.03910614525139665,False,False
484,0.5673076923076923,0.1346153846153846,True,True
485,0.5798319327731093,0.058823529411764705,True,True
486,0.5344827586206896,0.06896551724137931,False,True
487,0.5596330275229358,0.045871559633027525,True,True
488,0.5748502994011976,0.10778443113772455,True,True
489,0.6,0.06060606060606061,True,True
490,0.5605381165919282,0.06278026905829596,True,True
491,0.5377358490566038,0.05660377358490566,False,True
492,0.5614973262032086,0.0481283422459893,True,True
493,0.5306122448979592,0.05102040816326531,False,True
494,0.5771428571428572,0.06857142857142857,True,True
495,0.510548523206751,0.0379746835443038,False,False
496,0.6095238095238096,0.047619047619047616,True,True
497,0.5523809523809524,0.09523809523809523,False,True
498,0.5337837837837838,0.05405405405405406,False,True
499,0.520618556701031,0.04639175257731959,False,True
500,0.6103896103896104,0.012987012987012988,True,False
501,0.5810055865921788,0.0335195530726257,True,False
502,0.5576923076923077,0.052884615384615384,True,True
503,0.563953488372093,0.011627906976744186,True,False
504,0.5594059405940595,0.034653465346534656,True,False
505,0.4769874476987448,0.012552301255230125,False,False
506,0.5754716981132075,0.05660377358490566,True,True
507,0.654320987654321,0.04938271604938271,True,True
508,0.5673076923076923,0.019230769230769232,True,False
509,0.5434782608695652,0.036231884057971016,False,False
510,0.5688073394495413,0.0,True,False
511,0.54,0.02,False,False
512,0.6057692307692307,0.0,True,False
513,0.5454545454545454,0.03636363636363636,False,False
514,0.543778801843318,0.041474654377880185,False,False
515,0.5022222222222222,0.017777777777777778,False,False
517,0.6140350877192983,0.10526315789473684,True,True
518,0.5384615384615384,0.05641025641025641,False,True
519,0.5443037974683544,0.03164556962025317,False,False
520,0.5816326530612245,0.02040816326530612,True,False
521,0.5555555555555556,0.06349206349206349,True,True
522,0.511400651465798,0.029315960912052116,False,False
524,0.5849056603773585,0.009433962264150943,True,False
525,0.5673758865248227,0.04964539007092199,True,True
526,0.5570469798657718,0.04697986577181208,True,True
527,0.6063829787234043,0.0425531914893617,True,False
528,0.5740740740740741,0.06481481481481481,True,True
529,0.5674157303370787,0.07865168539325842,True,True
530,0.5119617224880383,0.05263157894736842,False,True
531,0.5198019801980198,0.034653465346534656,False,False
532,0.5483870967741935,0.024193548387096774,False,False
533,0.6195652173913043,0.08695652173913043,True,True
534,0.5497382198952879,0.031413612565445025,False,False
535,0.5611510791366906,0.050359712230215826,True,True
536,0.5675675675675675,0.0,True,False
537,0.5225806451612903,0.03870967741935484,False,False
538,0.5555555555555556,0.042735042735042736,True,False
539,0.5219298245614035,0.05263157894736842,False,True
540,0.6024096385542169,0.024096385542168676,True,False
541,0.5661375661375662,0.037037037037037035,True,False
542,0.5904761904761905,0.01904761904761905,True,False
543,0.5804597701149425,0.05172413793103448,True,True
544,0.5561797752808989,0.12359550561797752,True,True
545,0.5088607594936709,0.05569620253164557,False,True
546,0.6122448979591837,0.01020408163265306,True,False
547,0.5833333333333334,0.018518518518518517,True,False
548,0.6590909090909091,0.06818181818181818,True,True
549,0.5545454545454546,0.06363636363636363,True,True
550,0.6210526315789474,0.031578947368421054,True,False
551,0.625,0.0703125,True,True
552,0.5069767441860465,0.05581395348837209,False,True
553,0.5522388059701493,0.05223880597014925,False,True
554,0.5357142857142857,0.05,False,True
555,0.5988023952095808,0.0658682634730539,True,True
556,0.6705882352941176,0.12941176470588237,True,True
557,0.6413043478260869,0.043478260869565216,True,False
558,0.5555555555555556,0.014814814814814815,True,False
559,0.5129533678756477,0.04145077720207254,False,False
560,0.5797101449275363,0.06763285024154589,True,True
562,0.5803571428571429,0.0625,True,True
563,0.5359116022099447,0.0718232044198895,False,True
564,0.5352112676056338,0.04225352112676056,False,False
565,0.6210526315789474,0.09473684210526316,True,True
566,0.6125,0.06875,True,True
568,0.5240963855421686,0.03614457831325301,False,False
569,0.6666666666666666,0.05952380952380952,True,True
570,0.5326633165829145,0.07537688442211055,False,True
571,0.5660377358490566,0.07547169811320754,True,True
572,0.584070796460177,0.035398230088495575,True,False
575,0.6130952380952381,0.041666666666666664,True,False
576,0.5721649484536082,0.030927835051546393,True,False
577,0.6040268456375839,0.04697986577181208,True,True
578,0.569060773480663,0.08287292817679558,True,True
579,0.5463917525773195,0.030927835051546393,False,False
580,0.5783132530120482,0.024096385542168676,True,False
581,0.56,0.07555555555555556,True,True
582,0.5384615384615384,0.06993006993006994,False,True
583,0.4791666666666667,0.041666666666666664,False,False
584,0.5925925925925926,0.12962962962962962,True,True
585,0.5892857142857143,0.026785714285714284,True,False
586,0.5459770114942529,0.04597701149425287,False,True
587,0.5225225225225225,0.009009009009009009,False,False
588,0.5384615384615384,0.01775147928994083,False,False
589,0.5151515151515151,0.03636363636363636,False,False
590,0.6187050359712231,0.03597122302158273,True,False
591,0.6363636363636364,0.045454545454545456,True,True
592,0.5608465608465608,0.037037037037037035,True,False
593,0.5961538461538461,0.1346153846153846,True,True
594,0.5508982035928144,0.041916167664670656,False,False
595,0.6504065040650406,0.07317073170731707,True,True
596,0.540650406504065,0.052845528455284556,False,True
597,0.5833333333333334,0.05303030303030303,True,True
598,0.5067264573991032,0.04484304932735426,False,True
599,0.5,0.07251908396946564,False,True
600,0.5229357798165137,0.04128440366972477,False,False
601,0.5833333333333334,0.07051282051282051,True,True
602,0.5439330543933054,0.02092050209205021,False,False
603,0.6103896103896104,0.025974025974025976,True,False
604,0.5622317596566524,0.02575107296137339,True,False
605,0.5672514619883041,0.05263157894736842,True,True
606,0.553921568627451,0.0196078431372549,True,False
607,0.5205479452054794,0.0273972602739726,False,False
608,0.47391304347826085,0.034782608695652174,False,False
609,0.6237623762376238,0.0297029702970297,True,False
610,0.558282208588957,0.012269938650306749,True,False
611,0.6021505376344086,0.021505376344086023,True,False
612,0.5240174672489083,0.039301310043668124,False,False
613,0.5021834061135371,0.039301310043668124,False,False
614,0.5070821529745042,0.028328611898016998,False,False
615,0.5269461077844312,0.005988023952095809,False,False
616,0.7428571428571429,0.02857142857142857,True,False
617,0.625,0.03125,True,False
618,0.6145833333333334,0.03125,True,False
619,0.5794392523364486,0.028037383177570093,True,False
620,0.4745762711864407,0.010169491525423728,False,False
622,0.5562130177514792,0.03550295857988166,True,False
623,0.5818181818181818,0.03636363636363636,True,False
624,0.6060606060606061,0.050505050505050504,True,True
625,0.5302013422818792,0.040268456375838924,False,False
626,0.5961538461538461,0.019230769230769232,True,False
627,0.5061224489795918,0.0326530612244898,False,False
629,0.5639097744360902,0.022556390977443608,True,False
630,0.5163043478260869,0.043478260869565216,False,False
631,0.59,0.03,True,False
632,0.5865384615384616,0.04807692307692308,True,True
633,0.5714285714285714,0.02857142857142857,True,False
634,0.6071428571428571,0.017857142857142856,True,False
635,0.5413533834586466,0.022556390977443608,False,False
636,0.5256410256410257,0.04487179487179487,False,True
637,0.59,0.08,True,True
638,0.5535714285714286,0.026785714285714284,True,False
639,0.5234899328859061,0.06040268456375839,False,True
640,0.6066666666666667,0.013333333333333334,True,False
641,0.6083916083916084,0.06293706293706294,True,True
642,0.5842696629213483,0.033707865168539325,True,False
643,0.5296296296296297,0.037037037037037035,False,False
644,0.508833922261484,0.02120141342756184,False,False
645,0.5657894736842105,0.03070175438596491,True,False
646,0.5503875968992248,0.04263565891472868,False,False
647,0.5703125,0.0,True,False
648,0.5180722891566265,0.06626506024096386,False,True
649,0.5614035087719298,0.02631578947368421,True,False
650,0.5769230769230769,0.028846153846153848,True,False
651,0.5515151515151515,0.012121212121212121,False,False
652,0.5124378109452736,0.024875621890547265,False,False
653,0.5476190476190477,0.023809523809523808,False,False
654,0.594059405940594,0.06930693069306931,True,True
655,0.6091954022988506,0.12643678160919541,True,True
656,0.6,0.05806451612903226,True,True
658,0.5481927710843374,0.03614457831325301,False,False
659,0.487012987012987,0.025974025974025976,False,False
660,0.5625,0.0763888888888889,True,True
661,0.6185567010309279,0.10309278350515463,True,True
662,0.5904761904761905,0.009523809523809525,True,False
663,0.51875,0.0625,False,True
664,0.5471698113207547,0.03773584905660377,False,False
666,0.5454545454545454,0.07692307692307693,False,True
667,0.6373626373626373,0.04395604395604396,True,False
668,0.56,0.05333333333333334,True,True
669,0.5528455284552846,0.08130081300813008,True,True
670,0.5,0.05128205128205128,False,True
673,0.5909090909090909,0.08441558441558442,True,True
674,0.5897435897435898,0.03205128205128205,True,False
675,0.5657894736842105,0.043859649122807015,True,False
676,0.5728643216080402,0.05527638190954774,True,True
677,0.5392156862745098,0.07352941176470588,False,True
678,0.5523809523809524,0.047619047619047616,False,True
679,0.536036036036036,0.04954954954954955,False,True
681,0.5609756097560976,0.024390243902439025,True,False
682,0.5058139534883721,0.046511627906976744,False,True
683,0.539568345323741,0.06474820143884892,False,True
684,0.5288888888888889,0.08,False,True
685,0.5752212389380531,0.07964601769911504,True,True
687,0.5539568345323741,0.02158273381294964,True,False
688,0.6746987951807228,0.03614457831325301,True,False
689,0.549618320610687,0.09923664122137404,False,True
690,0.5426356589147286,0.10077519379844961,False,True
691,0.5050505050505051,0.07575757575757576,False,True
692,0.5609756097560976,0.054878048780487805,True,True
693,0.5947712418300654,0.032679738562091505,True,False
694,0.5657142857142857,0.06857142857142857,True,True
696,0.5579399141630901,0.06437768240343347,True,True
697,0.553072625698324,0.11173184357541899,True,True
698,0.5108359133126935,0.07430340557275542,False,True
699,0.5714285714285714,0.03571428571428571,True,False
700,0.5518867924528302,0.02830188679245283,False,False
701,0.6137931034482759,0.034482758620689655,True,False
702,0.5428571428571428,0.004761904761904762,False,False
703,0.5714285714285714,0.042328042328042326,True,False
704,0.5143884892086331,0.03597122302158273,False,False
705,0.4666666666666667,0.03529411764705882,False,False
707,0.5227272727272727,0.028409090909090908,False,False
708,0.6,0.05555555555555555,True,True
709,0.5454545454545454,0.048484848484848485,False,True
710,0.5346534653465347,0.0297029702970297,False,False
711,0.5592105263157895,0.039473684210526314,True,False
713,0.55,0.025,False,False
714,0.43103448275862066,0.04310344827586207,False,False
716,0.5178571428571429,0.03571428571428571,False,False
717,0.5675675675675675,0.009009009009009009,True,False
718,0.6021505376344086,0.06451612903225806,True,True
719,0.5526315789473685,0.02631578947368421,False,False
720,0.44696969696969696,0.022727272727272728,False,False
722,0.5727272727272728,0.05454545454545454,True,True
723,0.5538461538461539,0.06923076923076923,True,True
724,0.5068493150684932,0.0319634703196347,False,False
726,0.46206896551724136,0.034482758620689655,False,False
727,0.5287356321839081,0.06321839080459771,False,True
728,0.5611510791366906,0.03597122302158273,True,False
729,0.5404040404040404,0.04040404040404041,False,False
730,0.5434782608695652,0.07971014492753623,False,True
731,0.5645161290322581,0.03225806451612903,True,False
732,0.5967741935483871,0.03763440860215054,True,False
733,0.6118421052631579,0.046052631578947366,True,True
734,0.5422885572139303,0.03482587064676617,False,False
735,0.580110497237569,0.06629834254143646,True,True
736,0.5586854460093896,0.023474178403755867,True,False
737,0.6484375,0.078125,True,True
738,0.5633802816901409,0.023474178403755867,True,False
739,0.4791666666666667,0.015625,False,False
740,0.5298013245033113,0.039735099337748346,False,False
741,0.48559670781893005,0.04526748971193416,False,True
743,0.5546875,0.078125,True,True
744,0.5666666666666667,0.03333333333333333,True,False
746,0.5380434782608695,0.09239130434782608,False,True
747,0.5209580838323353,0.0658682634730539,False,True
748,0.6019417475728155,0.07766990291262135,True,True
749,0.5943396226415094,0.14150943396226415,True,True
750,0.5925925925925926,0.07407407407407407,True,True
752,0.5625,0.078125,True,True
753,0.59,0.09,True,True
754,0.5619834710743802,0.024793388429752067,True,False
755,0.4782608695652174,0.03804347826086957,False,False
757,0.6026490066225165,0.09271523178807947,True,True
758,0.5545454545454546,0.08636363636363636,True,True
759,0.5925925925925926,0.07407407407407407,True,True
760,0.5165165165165165,0.03003003003003003,False,False
761,0.5223214285714286,0.03571428571428571,False,False
762,0.5421686746987951,0.08032128514056225,False,True
763,0.5802469135802469,0.018518518518518517,True,False
764,0.6020408163265306,0.05102040816326531,True,True
765,0.5849056603773585,0.0660377358490566,True,True
766,0.5661764705882353,0.08088235294117647,True,True
767,0.45454545454545453,0.01948051948051948,False,False
769,0.5535714285714286,0.09375,True,True
770,0.5120772946859904,0.028985507246376812,False,False
772,0.480225988700565,0.03389830508474576,False,False
773,0.6122448979591837,0.06802721088435375,True,True
774,0.5428571428571428,0.07142857142857142,False,True
775,0.6133333333333333,0.06666666666666667,True,True
776,0.5405405405405406,0.11351351351351352,False,True
777,0.5903614457831325,0.09036144578313253,True,True
778,0.546448087431694,0.08196721311475409,False,True
779,0.4939467312348668,0.06053268765133172,False,True
780,0.5849056603773585,0.10377358490566038,True,True
781,0.5634920634920635,0.03968253968253968,True,False
782,0.5462184873949579,0.0,False,False
783,0.5656565656565656,0.0707070707070707,True,True
784,0.5689655172413793,0.05172413793103448,True,True
785,0.5497076023391813,0.029239766081871343,False,False
786,0.5877551020408164,0.053061224489795916,True,True
787,0.6164383561643836,0.0547945205479452,True,True
788,0.5462962962962963,0.027777777777777776,False,False
789,0.5663265306122449,0.05612244897959184,True,True
790,0.534965034965035,0.006993006993006993,False,False
791,0.3611111111111111,0.013888888888888888,False,False
793,0.6237623762376238,0.019801980198019802,True,False
794,0.5961538461538461,0.057692307692307696,True,True
795,0.5565217391304348,0.017391304347826087,True,False
796,0.5714285714285714,0.008403361344537815,True,False
797,0.4840182648401826,0.0319634703196347,False,False
799,0.5892857142857143,0.07142857142857142,True,True
800,0.5547445255474452,0.014598540145985401,True,False
801,0.5176470588235295,0.041176470588235294,False,False
803,0.533678756476684,0.025906735751295335,False,False
804,0.5446428571428571,0.0,False,False
805,0.5580110497237569,0.049723756906077346,True,True
806,0.5576923076923077,0.009615384615384616,True,False
807,0.4492753623188406,0.036231884057971016,False,False
808,0.544973544973545,0.08994708994708994,False,True
809,0.6161616161616161,0.030303030303030304,True,False
810,0.6276595744680851,0.05319148936170213,True,True
811,0.5584415584415584,0.06493506493506493,True,True
812,0.4954954954954955,0.04504504504504504,False,True
814,0.5714285714285714,0.01680672268907563,True,False
815,0.6351351351351351,0.08108108108108109,True,True
816,0.5847457627118644,0.1016949152542373,True,True
817,0.489247311827957,0.03763440860215054,False,False
819,0.5904761904761905,0.05714285714285714,True,True
820,0.6951219512195121,0.10975609756097561,True,True
821,0.5714285714285714,0.05042016806722689,True,True
823,0.4174757281553398,0.019417475728155338,False,False
824,0.46195652173913043,0.03260869565217391,False,False
825,0.6692913385826772,0.08661417322834646,True,True
826,0.6692307692307692,0.046153846153846156,True,True
827,0.5401069518716578,0.10427807486631016,False,True
828,0.5526315789473685,0.05789473684210526,False,True
829,0.5424528301886793,0.06132075471698113,False,True
830,0.46846846846846846,0.04504504504504504,False,True
831,0.5470588235294118,0.023529411764705882,False,False
832,0.5535714285714286,0.03571428571428571,True,False
833,0.48044692737430167,0.0335195530726257,False,False
834,0.48502994011976047,0.04790419161676647,False,True
836,0.49732620320855614,0.0748663101604278,False,True
837,0.5701754385964912,0.10526315789473684,True,True
838,0.5675675675675675,0.05405405405405406,True,True
839,0.5816326530612245,0.07142857142857142,True,True
840,0.5538461538461539,0.03076923076923077,True,False
841,0.47282608695652173,0.05434782608695652,False,True
844,0.5976331360946746,0.03550295857988166,True,False
845,0.5572916666666666,0.041666666666666664,True,False
846,0.5245901639344263,0.06147540983606557,False,True
847,0.6071428571428571,0.05357142857142857,True,True
848,0.5607843137254902,0.10980392156862745,True,True
849,0.53125,0.03571428571428571,False,False
850,0.48863636363636365,0.03977272727272727,False,False
852,0.576271186440678,0.11864406779661017,True,True
853,0.5031055900621118,0.037267080745341616,False,False
854,0.5775862068965517,0.09482758620689655,True,True
855,0.5378787878787878,0.030303030303030304,False,False
856,0.5815602836879432,0.04964539007092199,True,True
858,0.5401459854014599,0.08759124087591241,False,True
859,0.5328947368421053,0.02631578947368421,False,False
860,0.5228426395939086,0.04568527918781726,False,True
861,0.5952380952380952,0.05952380952380952,True,True
862,0.5838926174496645,0.0738255033557047,True,True
863,0.5634920634920635,0.05952380952380952,True,True
864,0.515,0.115,False,True
865,0.5688622754491018,0.041916167664670656,True,False
866,0.5803108808290155,0.05699481865284974,True,True
867,0.5114678899082569,0.11467889908256881,False,True
868,0.5925925925925926,0.06172839506172839,True,True
869,0.543918918918919,0.037162162162162164,False,False
870,0.5423728813559322,0.059322033898305086,False,True
871,0.5563636363636364,0.05818181818181818,True,True
872,0.5577889447236181,0.04020100502512563,True,False
873,0.5129032258064516,0.016129032258064516,False,False
874,0.5764705882352941,0.09411764705882353,True,True
876,0.6036036036036037,0.0990990990990991,True,True
877,0.5648148148148148,0.046296296296296294,True,True
878,0.5425531914893617,0.0797872340425532,False,True
879,0.5546218487394958,0.06722689075630252,True,True
880,0.5206611570247934,0.049586776859504134,False,True
882,0.5495495495495496,0.009009009009009009,False,False
883,0.5882352941176471,0.049019607843137254,True,True
884,0.5652173913043478,0.014492753623188406,True,False
885,0.47513812154696133,0.03314917127071823,False,False
887,0.5426356589147286,0.031007751937984496,False,False
888,0.47530864197530864,0.012345679012345678,False,False
890,0.5583333333333333,0.03333333333333333,True,False
891,0.5825242718446602,0.04854368932038835,True,True
892,0.5570469798657718,0.03355704697986577,True,False
893,0.5138121546961326,0.03867403314917127,False,False
894,0.43790849673202614,0.026143790849673203,False,False
896,0.54421768707483,0.08163265306122448,False,True
897,0.5583333333333333,0.008333333333333333,True,False
898,0.5348837209302325,0.01744186046511628,False,False
899,0.5138888888888888,0.027777777777777776,False,False
900,0.44871794871794873,0.019230769230769232,False,False
901,0.5446428571428571,0.04017857142857143,False,False
902,0.6013513513513513,0.05405405405405406,True,True
903,0.576271186440678,0.05084745762711865,True,True
904,0.5129032258064516,0.06451612903225806,False,True
905,0.6974789915966386,0.10084033613445378,True,True
906,0.5526315789473685,0.08421052631578947,False,True
907,0.5014409221902018,0.03170028818443804,False,False
908,0.6363636363636364,0.056818181818181816,True,True
909,0.5572519083969466,0.030534351145038167,True,False
910,0.5597014925373134,0.029850746268656716,True,False
911,0.45604395604395603,0.038461538461538464,False,False
912,0.5594405594405595,0.04195804195804196,True,False
913,0.5943396226415094,0.03773584905660377,True,False
914,0.5289855072463768,0.07971014492753623,False,True
915,0.5892857142857143,0.03571428571428571,True,False
916,0.5692307692307692,0.05384615384615385,True,True
918,0.5565217391304348,0.06086956521739131,True,True
919,0.568,0.088,True,True
920,0.5775862068965517,0.15517241379310345,True,True
921,0.508130081300813,0.07317073170731707,False,True
922,0.6043956043956044,0.0989010989010989,True,True
923,0.6078431372549019,0.0784313725490196,True,True
924,0.5869565217391305,0.07608695652173914,True,True
925,0.5700934579439252,0.12149532710280374,True,True
926,0.5240963855421686,0.03614457831325301,False,False
928,0.6444444444444445,0.03333333333333333,True,False
929,0.5345911949685535,0.03773584905660377,False,False
930,0.56,0.08,True,True
931,0.5675675675675675,0.036036036036036036,True,False
933,0.5769230769230769,0.04807692307692308,True,True
934,0.5630252100840336,0.05042016806722689,True,True
935,0.6666666666666666,0.05952380952380952,True,True
936,0.5337837837837838,0.0472972972972973,False,True
937,0.4262295081967213,0.02459016393442623,False,False
938,0.5849056603773585,0.11320754716981132,True,True
939,0.575,0.09375,True,True
940,0.5878378378378378,0.08783783783783784,True,True
941,0.5671641791044776,0.04975124378109453,True,True
942,0.5543478260869565,0.09782608695652174,True,True
943,0.4758842443729904,0.03858520900321544,False,False
945,0.6136363636363636,0.045454545454545456,True,True
947,0.535483870967742,0.07741935483870968,False,True
948,0.5871559633027523,0.06422018348623854,True,True
949,0.5252100840336135,0.046218487394957986,False,True
951,0.55,0.06428571428571428,False,True
952,0.5590551181102362,0.031496062992125984,True,False
953,0.509009009009009,0.036036036036036036,False,False
954,0.5211267605633803,0.051643192488262914,False,True
955,0.4696969696969697,0.030303030303030304,False,False
956,0.5304878048780488,0.06402439024390244,False,True
957,0.52,0.05818181818181818,False,True
958,0.5972222222222222,0.04861111111111111,True,True
959,0.6197183098591549,0.07746478873239436,True,True
960,0.4816326530612245,0.05714285714285714,False,True
961,0.5714285714285714,0.09243697478991597,True,True
962,0.6344086021505376,0.06451612903225806,True,True
963,0.5675675675675675,0.10810810810810811,True,True
964,0.5273972602739726,0.0410958904109589,False,False
965,0.48214285714285715,0.05803571428571429,False,True
966,0.6066666666666667,0.04666666666666667,True,True
967,0.5404040404040404,0.030303030303030304,False,False
968,0.618421052631579,0.039473684210526314,True,False
969,0.5397727272727273,0.03977272727272727,False,False
970,0.49387755102040815,0.04897959183673469,False,True
972,0.5692307692307692,0.06153846153846154,True,True
973,0.6190476190476191,0.05714285714285714,True,True
974,0.5345911949685535,0.03773584905660377,False,False
975,0.5384615384615384,0.04395604395604396,False,False
976,0.4970414201183432,0.05325443786982249,False,True
978,0.5671641791044776,0.022388059701492536,True,False
979,0.572463768115942,0.028985507246376812,True,False
980,0.4523809523809524,0.015873015873015872,False,False
982,0.4644808743169399,0.01092896174863388,False,False
984,0.5714285714285714,0.10204081632653061,True,True
985,0.5222929936305732,0.03821656050955414,False,False
986,0.5,0.02100840336134454,False,False
988,0.5663265306122449,0.05102040816326531,True,True
989,0.5,0.037037037037037035,False,False
990,0.5672268907563025,0.037815126050420166,True,False
991,0.6,0.05,True,True
992,0.5647058823529412,0.058823529411764705,True,True
993,0.5698324022346368,0.03910614525139665,True,False
994,0.5458515283842795,0.034934497816593885,False,False
995,0.6115107913669064,0.02877697841726619,True,False
996,0.5370370370370371,0.05092592592592592,False,True
997,0.6074766355140186,0.11214953271028037,True,True
998,0.5794392523364486,0.028037383177570093,True,False
999,0.5355191256830601,0.0546448087431694,False,True
1000,0.45528455284552843,0.016260162601626018,False,False
1001,0.5298507462686567,0.022388059701492536,False,False
1002,0.6666666666666666,0.07407407407407407,True,True
1003,0.5421686746987951,0.04216867469879518,False,False
1004,0.5581395348837209,0.046511627906976744,True,True
1005,0.5357142857142857,0.05612244897959184,False,True
1007,0.6506024096385542,0.04819277108433735,True,True
1008,0.6161616161616161,0.030303030303030304,True,False
1009,0.5419847328244275,0.05343511450381679,False,True
1010,0.5752212389380531,0.04424778761061947,True,False
1011,0.5572519083969466,0.030534351145038167,True,False
1012,0.5384615384615384,0.03076923076923077,False,False
1013,0.55,0.0625,False,True
1014,0.6179775280898876,0.056179775280898875,True,True
1015,0.5503875968992248,0.023255813953488372,False,False
1016,0.6153846153846154,0.04807692307692308,True,True
1019,0.56353591160221,0.027624309392265192,True,False
1020,0.6335877862595419,0.04580152671755725,True,True
1021,0.5418502202643172,0.02643171806167401,False,False
1022,0.6692913385826772,0.11023622047244094,True,True
1023,0.5614035087719298,0.029239766081871343,True,False
1024,0.47039473684210525,0.03618421052631579,False,False
1026,0.5579710144927537,0.08695652173913043,True,True
1027,0.59,0.04,True,False
1028,0.4420289855072464,0.07971014492753623,False,True
1030,0.5948275862068966,0.034482758620689655,True,False
1031,0.46195652173913043,0.05434782608695652,False,True
1033,0.5895953757225434,0.06936416184971098,True,True
1034,0.6402877697841727,0.07913669064748201,True,True
1035,0.5632183908045977,0.08045977011494253,True,True
1036,0.5590551181102362,0.05511811023622047,True,True
1037,0.5177304964539007,0.06028368794326241,False,True
1038,0.5531914893617021,0.06382978723404255,True,True
1039,0.6397058823529411,0.051470588235294115,True,True
1040,0.5918367346938775,0.06802721088435375,True,True
1041,0.575,0.05,True,True
1042,0.5475113122171946,0.01809954751131222,False,False
1043,0.5242718446601942,0.05825242718446602,False,True
1044,0.47619047619047616,0.040293040293040296,False,False
1046,0.5630252100840336,0.01680672268907563,True,False
1047,0.5125628140703518,0.04020100502512563,False,False
1049,0.5150375939849624,0.09398496240601503,False,True
1050,0.5700934579439252,0.04672897196261682,True,True
1051,0.5333333333333333,0.05333333333333334,False,True
1052,0.45588235294117646,0.0,False,False
1054,0.6436781609195402,0.05747126436781609,True,True
1055,0.5660377358490566,0.0,True,False
1056,0.45714285714285713,0.014285714285714285,False,False
1058,0.6153846153846154,0.07692307692307693,True,True
1059,0.5310344827586206,0.020689655172413793,False,False
1060,0.6344086021505376,0.06451612903225806,True,True
1061,0.8571428571428571,0.0,True,False
1062,0.39805825242718446,0.05825242718446602,False,True
1064,0.5384615384615384,0.027972027972027972,False,False
1065,0.6373626373626373,0.02197802197802198,True,False
1066,0.5639097744360902,0.07518796992481203,True,True
1067,0.5686274509803921,0.0196078431372549,True,False
1068,0.4823529411764706,0.0058823529411764705,False,False
1069,0.5772357723577236,0.032520325203252036,True,False
1070,0.5350877192982456,0.03508771929824561,False,False
1071,0.5403225806451613,0.04838709677419355,False,True
1072,0.5645161290322581,0.04838709677419355,True,True
1073,0.411214953271028,0.04672897196261682,False,True
1074,0.6408450704225352,0.056338028169014086,True,True
1075,0.5373665480427047,0.03914590747330961,False,False
1076,0.5833333333333334,0.03571428571428571,True,False
1077,0.5467289719626168,0.0514018691588785,False,True
1078,0.5769230769230769,0.03205128205128205,True,False
1079,0.4826086956521739,0.021739130434782608,False,False
1080,0.5661764705882353,0.09558823529411764,True,True
1081,0.5562913907284768,0.046357615894039736,True,True
1082,0.5981308411214953,0.0,True,False
1083,0.578125,0.0234375,True,False
1084,0.5803571428571429,0.044642857142857144,True,True
1085,0.6,0.07,True,True
1086,0.5294117647058824,0.026143790849673203,False,False
1087,0.47126436781609193,0.06896551724137931,False,True
1088,0.56,0.016,True,False
1089,0.4973821989528796,0.041884816753926704,False,False
1090,0.5539568345323741,0.07194244604316546,True,True
1091,0.532258064516129,0.043010752688172046,False,False
1092,0.6262626262626263,0.04040404040404041,True,False
1093,0.5348837209302325,0.07751937984496124,False,True
1094,0.481981981981982,0.08108108108108109,False,True
1096,0.5793650793650794,0.03968253968253968,True,False
1097,0.550561797752809,0.033707865168539325,False,False
1098,0.5625,0.0625,True,True
1099,0.45255474452554745,0.029197080291970802,False,False
1102,0.6129032258064516,0.04516129032258064,True,True
1103,0.6,0.1,True,True
1104,0.576271186440678,0.03954802259887006,True,False
1106,0.4711111111111111,0.03111111111111111,False,False
1108,0.62,0.12,True,True
1109,0.5526315789473685,0.06140350877192982,False,True
1110,0.5441176470588235,0.03676470588235294,False,False
1111,0.5496688741721855,0.033112582781456956,False,False
1112,0.5726495726495726,0.06837606837606838,True,True
1113,0.5333333333333333,0.05,False,True
1114,0.594059405940594,0.06930693069306931,True,True
1115,0.5546875,0.0234375,True,False
1116,0.5106382978723404,0.02127659574468085,False,False
1117,0.5081967213114754,0.06284153005464481,False,True
1118,0.4121212121212121,0.05454545454545454,False,True
1119,0.6594202898550725,0.06521739130434782,True,True
1120,0.631578947368421,0.09774436090225563,True,True
1121,0.5339506172839507,0.043209876543209874,False,False
1122,0.5657894736842105,0.039473684210526314,True,False
1123,0.6013513513513513,0.013513513513513514,True,False
1124,0.5277777777777778,0.05555555555555555,False,True
1125,0.5243055555555556,0.041666666666666664,False,False
1127,0.5193798449612403,0.08527131782945736,False,True
1128,0.5181347150259067,0.046632124352331605,False,True
1129,0.6105263157894737,0.08421052631578947,True,True
1130,0.474025974025974,0.045454545454545456,False,True
1131,0.5656565656565656,0.03535353535353535,True,False
1132,0.547244094488189,0.05905511811023622,False,True
1133,0.5689655172413793,0.03017241379310345,True,False
1134,0.5454545454545454,0.04363636363636364,False,False
1135,0.5457875457875457,0.040293040293040296,False,False
1136,0.4293785310734463,0.05084745762711865,False,True
1138,0.5757575757575758,0.020202020202020204,True,False
1139,0.5732484076433121,0.07643312101910828,True,True
1140,0.6477272727272727,0.011363636363636364,True,False
1141,0.4580152671755725,0.04580152671755725,False,True
1143,0.4900990099009901,0.034653465346534656,False,False
1144,0.5876288659793815,0.10309278350515463,True,True
1145,0.5736434108527132,0.05426356589147287,True,True
1146,0.594059405940594,0.07920792079207921,True,True
1147,0.5049019607843137,0.06372549019607843,False,True
1149,0.5573770491803278,0.040983606557377046,True,False
1150,0.514792899408284,0.0650887573964497,False,True
1152,0.62,0.08,True,True
1153,0.5380434782608695,0.05434782608695652,False,True
1154,0.532051282051282,0.05128205128205128,False,True
1155,0.5858585858585859,0.13131313131313133,True,True
1156,0.5535714285714286,0.05357142857142857,True,True
1157,0.5669291338582677,0.05511811023622047,True,True
1158,0.5929203539823009,0.061946902654867256,True,True
1159,0.5630252100840336,0.10084033613445378,True,True
1160,0.5583333333333333,0.041666666666666664,True,False
1161,0.5214723926380368,0.06748466257668712,False,True
1162,0.5461538461538461,0.03076923076923077,False,False
1163,0.5545454545454546,0.02727272727272727,True,False
1165,0.5512820512820513,0.05128205128205128,False,True
1166,0.5257731958762887,0.03608247422680412,False,False
1167,0.5652173913043478,0.043478260869565216,True,False
1169,0.6022727272727273,0.07954545454545454,True,True
1171,0.5504587155963303,0.04128440366972477,False,False
1172,0.5906432748538012,0.07602339181286549,True,True
1173,0.5853658536585366,0.024390243902439025,True,False
1174,0.47101449275362317,0.03985507246376811,False,False
1175,0.6395348837209303,0.046511627906976744,True,True
1176,0.6060606060606061,0.020202020202020204,True,False
1177,0.5317919075144508,0.06936416184971098,False,True
