Year,Overall rank,Country or region,Score,GDP per capita,Social support,Healthy life expectancy,Freedom to make life choices,Generosity,Perceptions of corruption
2019,1,Finland,7.769,1.34,1.587,0.986,0.596,0.153,0.393
2019,2,Denmark,7.6,1.383,1.573,0.996,0.592,0.252,0.41
2019,3,Norway,7.554,1.488,1.582,1.028,0.603,0.271,0.341
2019,4,Iceland,7.494,1.38,1.624,1.026,0.591,0.354,0.118
2019,5,Netherlands,7.488,1.396,1.522,0.999,0.557,0.322,0.298
2019,6,Switzerland,7.48,1.452,1.526,1.052,0.572,0.263,0.343
2019,7,Sweden,7.343,1.387,1.487,1.009,0.574,0.267,0.373
2019,8,New Zealand,7.307,1.303,1.557,1.026,0.585,0.33,0.38
2019,9,Canada,7.278,1.365,1.505,1.039,0.584,0.285,0.308
2019,10,Austria,7.246,1.376,1.475,1.016,0.532,0.244,0.226
2019,11,Australia,7.228,1.372,1.548,1.036,0.557,0.332,0.29
2019,12,Costa Rica,7.167,1.034,1.441,0.963,0.558,0.144,0.093
2019,13,Israel,7.139,1.276,1.455,1.029,0.371,0.261,0.082
2019,14,Luxembourg,7.09,1.609,1.479,1.012,0.526,0.194,0.316
2019,15,United Kingdom,7.054,1.333,1.538,0.996,0.45,0.348,0.278
2019,16,Ireland,7.021,1.499,1.553,0.999,0.516,0.298,0.31
2019,17,Germany,6.985,1.373,1.454,0.987,0.495,0.261,0.265
2019,18,Belgium,6.923,1.356,1.504,0.986,0.473,0.16,0.21
2019,19,United States,6.892,1.433,1.457,0.874,0.454,0.28,0.128
2019,20,Czech Republic,6.852,1.269,1.487,0.92,0.457,0.046,0.036
2019,21,United Arab Emirates,6.825,1.503,1.31,0.825,0.598,0.262,0.182
2019,22,Malta,6.726,1.3,1.52,0.999,0.564,0.375,0.151
2019,23,Mexico,6.595,1.07,1.323,0.861,0.433,0.074,0.073
2019,24,France,6.592,1.324,1.472,1.045,0.436,0.111,0.183
2019,25,Taiwan,6.446,1.368,1.43,0.914,0.351,0.242,0.097
2019,26,Chile,6.444,1.159,1.369,0.92,0.357,0.187,0.056
2019,27,Guatemala,6.436,0.8,1.269,0.746,0.535,0.175,0.078
2019,28,Saudi Arabia,6.375,1.403,1.357,0.795,0.439,0.08,0.132
2019,29,Qatar,6.374,1.684,1.313,0.871,0.555,0.22,0.167
2019,30,Spain,6.354,1.286,1.484,1.062,0.362,0.153,0.079
2019,31,Panama,6.321,1.149,1.442,0.91,0.516,0.109,0.054
2019,32,Brazil,6.3,1.004,1.439,0.802,0.39,0.099,0.086
2019,33,Uruguay,6.293,1.124,1.465,0.891,0.523,0.127,0.15
2019,34,Singapore,6.262,1.572,1.463,1.141,0.556,0.271,0.453
2019,35,El Salvador,6.253,0.794,1.242,0.789,0.43,0.093,0.074
2019,36,Italy,6.223,1.294,1.488,1.039,0.231,0.158,0.03
2019,37,Bahrain,6.199,1.362,1.368,0.871,0.536,0.255,0.11
2019,38,Slovakia,6.198,1.246,1.504,0.881,0.334,0.121,0.014
2019,39,Trinidad & Tobago,6.192,1.231,1.477,0.713,0.489,0.185,0.016
2019,40,Poland,6.182,1.206,1.438,0.884,0.483,0.117,0.05
2019,41,Uzbekistan,6.174,0.745,1.529,0.756,0.631,0.322,0.24
2019,42,Lithuania,6.149,1.238,1.515,0.818,0.291,0.043,0.042
2019,43,Colombia,6.125,0.985,1.41,0.841,0.47,0.099,0.034
2019,44,Slovenia,6.118,1.258,1.523,0.953,0.564,0.144,0.057
2019,45,Nicaragua,6.105,0.694,1.325,0.835,0.435,0.2,0.127
2019,46,Kosovo,6.1,0.882,1.232,0.758,0.489,0.262,0.006
2019,47,Argentina,6.086,1.092,1.432,0.881,0.471,0.066,0.05
2019,48,Romania,6.07,1.162,1.232,0.825,0.462,0.083,0.005
2019,49,Cyprus,6.046,1.263,1.223,1.042,0.406,0.19,0.041
2019,50,Ecuador,6.028,0.912,1.312,0.868,0.498,0.126,0.087
2019,51,Kuwait,6.021,1.5,1.319,0.808,0.493,0.142,0.097
2019,52,Thailand,6.008,1.05,1.409,0.828,0.557,0.359,0.028
2019,53,Latvia,5.94,1.187,1.465,0.812,0.264,0.075,0.064
2019,54,South Korea,5.895,1.301,1.219,1.036,0.159,0.175,0.056
2019,55,Estonia,5.893,1.237,1.528,0.874,0.495,0.103,0.161
2019,56,Jamaica,5.89,0.831,1.478,0.831,0.49,0.107,0.028
2019,57,Mauritius,5.888,1.12,1.402,0.798,0.498,0.215,0.06
2019,58,Japan,5.886,1.327,1.419,1.088,0.445,0.069,0.14
2019,59,Honduras,5.86,0.642,1.236,0.828,0.507,0.246,0.078
2019,60,Kazakhstan,5.809,1.173,1.508,0.729,0.41,0.146,0.096
2019,61,Bolivia,5.779,0.776,1.209,0.706,0.511,0.137,0.064
2019,62,Hungary,5.758,1.201,1.41,0.828,0.199,0.081,0.02
2019,63,Paraguay,5.743,0.855,1.475,0.777,0.514,0.184,0.08
2019,64,Northern Cyprus,5.718,1.263,1.252,1.042,0.417,0.191,0.162
2019,65,Peru,5.697,0.96,1.274,0.854,0.455,0.083,0.027
2019,66,Portugal,5.693,1.221,1.431,0.999,0.508,0.047,0.025
2019,67,Pakistan,5.653,0.677,0.886,0.535,0.313,0.22,0.098
2019,68,Russia,5.648,1.183,1.452,0.726,0.334,0.082,0.031
2019,69,Philippines,5.631,0.807,1.293,0.657,0.558,0.117,0.107
2019,70,Serbia,5.603,1.004,1.383,0.854,0.282,0.137,0.039
2019,71,Moldova,5.529,0.685,1.328,0.739,0.245,0.181,0
2019,72,Libya,5.525,1.044,1.303,0.673,0.416,0.133,0.152
2019,73,Montenegro,5.523,1.051,1.361,0.871,0.197,0.142,0.08
2019,74,Tajikistan,5.467,0.493,1.098,0.718,0.389,0.23,0.144
2019,75,Croatia,5.432,1.155,1.266,0.914,0.296,0.119,0.022
2019,76,Hong Kong,5.43,1.438,1.277,1.122,0.44,0.258,0.287
2019,77,Dominican Republic,5.425,1.015,1.401,0.779,0.497,0.113,0.101
2019,78,Bosnia and Herzegovina,5.386,0.945,1.212,0.845,0.212,0.263,0.006
2019,79,Turkey,5.373,1.183,1.36,0.808,0.195,0.083,0.106
2019,80,Malaysia,5.339,1.221,1.171,0.828,0.508,0.26,0.024
2019,81,Belarus,5.323,1.067,1.465,0.789,0.235,0.094,0.142
2019,82,Greece,5.287,1.181,1.156,0.999,0.067,0,0.034
2019,83,Mongolia,5.285,0.948,1.531,0.667,0.317,0.235,0.038
2019,84,North Macedonia,5.274,0.983,1.294,0.838,0.345,0.185,0.034
2019,85,Nigeria,5.265,0.696,1.111,0.245,0.426,0.215,0.041
2019,86,Kyrgyzstan,5.261,0.551,1.438,0.723,0.508,0.3,0.023
2019,87,Turkmenistan,5.247,1.052,1.538,0.657,0.394,0.244,0.028
2019,88,Algeria,5.211,1.002,1.16,0.785,0.086,0.073,0.114
2019,89,Morocco,5.208,0.801,0.782,0.782,0.418,0.036,0.076
2019,90,Azerbaijan,5.208,1.043,1.147,0.769,0.351,0.035,0.182
2019,91,Lebanon,5.197,0.987,1.224,0.815,0.216,0.166,0.027
2019,92,Indonesia,5.192,0.931,1.203,0.66,0.491,0.498,0.028
2019,93,China,5.191,1.029,1.125,0.893,0.521,0.058,0.1
2019,94,Vietnam,5.175,0.741,1.346,0.851,0.543,0.147,0.073
2019,95,Bhutan,5.082,0.813,1.321,0.604,0.457,0.37,0.167
2019,96,Cameroon,5.044,0.549,0.91,0.331,0.381,0.187,0.037
2019,97,Bulgaria,5.011,1.092,1.513,0.815,0.311,0.081,0.004
2019,98,Ghana,4.996,0.611,0.868,0.486,0.381,0.245,0.04
2019,99,Ivory Coast,4.944,0.569,0.808,0.232,0.352,0.154,0.09
2019,100,Nepal,4.913,0.446,1.226,0.677,0.439,0.285,0.089
2019,101,Jordan,4.906,0.837,1.225,0.815,0.383,0.11,0.13
2019,102,Benin,4.883,0.393,0.437,0.397,0.349,0.175,0.082
2019,103,Congo (Brazzaville),4.812,0.673,0.799,0.508,0.372,0.105,0.093
2019,104,Gabon,4.799,1.057,1.183,0.571,0.295,0.043,0.055
2019,105,Laos,4.796,0.764,1.03,0.551,0.547,0.266,0.164
2019,106,South Africa,4.722,0.96,1.351,0.469,0.389,0.13,0.055
2019,107,Albania,4.719,0.947,0.848,0.874,0.383,0.178,0.027
2019,108,Venezuela,4.707,0.96,1.427,0.805,0.154,0.064,0.047
2019,109,Cambodia,4.7,0.574,1.122,0.637,0.609,0.232,0.062
2019,110,Palestinian Territories,4.696,0.657,1.247,0.672,0.225,0.103,0.066
2019,111,Senegal,4.681,0.45,1.134,0.571,0.292,0.153,0.072
2019,112,Somalia,4.668,0,0.698,0.268,0.559,0.243,0.27
2019,113,Namibia,4.639,0.879,1.313,0.477,0.401,0.07,0.056
2019,114,Niger,4.628,0.138,0.774,0.366,0.318,0.188,0.102
2019,115,Burkina Faso,4.587,0.331,1.056,0.38,0.255,0.177,0.113
2019,116,Armenia,4.559,0.85,1.055,0.815,0.283,0.095,0.064
2019,117,Iran,4.548,1.1,0.842,0.785,0.305,0.27,0.125
2019,118,Guinea,4.534,0.38,0.829,0.375,0.332,0.207,0.086
2019,119,Georgia,4.519,0.886,0.666,0.752,0.346,0.043,0.164
2019,120,Gambia,4.516,0.308,0.939,0.428,0.382,0.269,0.167
2019,121,Kenya,4.509,0.512,0.983,0.581,0.431,0.372,0.053
2019,122,Mauritania,4.49,0.57,1.167,0.489,0.066,0.106,0.088
2019,123,Mozambique,4.466,0.204,0.986,0.39,0.494,0.197,0.138
2019,124,Tunisia,4.461,0.921,1,0.815,0.167,0.059,0.055
2019,125,Bangladesh,4.456,0.562,0.928,0.723,0.527,0.166,0.143
2019,126,Iraq,4.437,1.043,0.98,0.574,0.241,0.148,0.089
2019,127,Congo (Kinshasa),4.418,0.094,1.125,0.357,0.269,0.212,0.053
2019,128,Mali,4.39,0.385,1.105,0.308,0.327,0.153,0.052
2019,129,Sierra Leone,4.374,0.268,0.841,0.242,0.309,0.252,0.045
2019,130,Sri Lanka,4.366,0.949,1.265,0.831,0.47,0.244,0.047
2019,131,Myanmar,4.36,0.71,1.181,0.555,0.525,0.566,0.172
2019,132,Chad,4.35,0.35,0.766,0.192,0.174,0.198,0.078
2019,133,Ukraine,4.332,0.82,1.39,0.739,0.178,0.187,0.01
2019,134,Ethiopia,4.286,0.336,1.033,0.532,0.344,0.209,0.1
2019,135,Swaziland,4.212,0.811,1.149,0,0.313,0.074,0.135
2019,136,Uganda,4.189,0.332,1.069,0.443,0.356,0.252,0.06
2019,137,Egypt,4.166,0.913,1.039,0.644,0.241,0.076,0.067
2019,138,Zambia,4.107,0.578,1.058,0.426,0.431,0.247,0.087
2019,139,Togo,4.085,0.275,0.572,0.41,0.293,0.177,0.085
2019,140,India,4.015,0.755,0.765,0.588,0.498,0.2,0.085
2019,141,Liberia,3.975,0.073,0.922,0.443,0.37,0.233,0.033
2019,142,Comoros,3.973,0.274,0.757,0.505,0.142,0.275,0.078
2019,143,Madagascar,3.933,0.274,0.916,0.555,0.148,0.169,0.041
2019,144,Lesotho,3.802,0.489,1.169,0.168,0.359,0.107,0.093
2019,145,Burundi,3.775,0.046,0.447,0.38,0.22,0.176,0.18
2019,146,Zimbabwe,3.663,0.366,1.114,0.433,0.361,0.151,0.089
2019,147,Haiti,3.597,0.323,0.688,0.449,0.026,0.419,0.11
2019,148,Botswana,3.488,1.041,1.145,0.538,0.455,0.025,0.1
2019,149,Syria,3.462,0.619,0.378,0.44,0.013,0.331,0.141
2019,150,Malawi,3.41,0.191,0.56,0.495,0.443,0.218,0.089
2019,151,Yemen,3.38,0.287,1.163,0.463,0.143,0.108,0.077
2019,152,Rwanda,3.334,0.359,0.711,0.614,0.555,0.217,0.411
2019,153,Tanzania,3.231,0.476,0.885,0.499,0.417,0.276,0.147
2019,154,Afghanistan,3.203,0.35,0.517,0.361,0,0.158,0.025
2019,155,Central African Republic,3.083,0.026,0,0.105,0.225,0.235,0.035
2019,156,South Sudan,2.853,0.306,0.575,0.295,0.01,0.202,0.091
2018,1,Finland,7.632,1.305,1.592,0.874,0.681,0.202,0.393
2018,2,Norway,7.594,1.456,1.582,0.861,0.686,0.286,0.34
2018,3,Denmark,7.555,1.351,1.59,0.868,0.683,0.284,0.408
2018,4,Iceland,7.495,1.343,1.644,0.914,0.677,0.353,0.138
2018,5,Switzerland,7.487,1.42,1.549,0.927,0.66,0.256,0.357
2018,6,Netherlands,7.441,1.361,1.488,0.878,0.638,0.333,0.295
2018,7,Canada,7.328,1.33,1.532,0.896,0.653,0.321,0.291
2018,8,New Zealand,7.324,1.268,1.601,0.876,0.669,0.365,0.389
2018,9,Sweden,7.314,1.355,1.501,0.913,0.659,0.285,0.383
2018,10,Australia,7.272,1.34,1.573,0.91,0.647,0.361,0.302
2018,11,United Kingdom,7.19,1.244,1.433,0.888,0.464,0.262,0.082
2018,12,Austria,7.139,1.341,1.504,0.891,0.617,0.242,0.224
2018,13,Costa Rica,7.072,1.01,1.459,0.817,0.632,0.143,0.101
2018,14,Ireland,6.977,1.448,1.583,0.876,0.614,0.307,0.306
2018,15,Germany,6.965,1.34,1.474,0.861,0.586,0.273,0.28
2018,16,Belgium,6.927,1.324,1.483,0.894,0.583,0.188,0.24
2018,17,Luxembourg,6.91,1.576,1.52,0.896,0.632,0.196,0.321
2018,18,United States,6.886,1.398,1.471,0.819,0.547,0.291,0.133
2018,19,Israel,6.814,1.301,1.559,0.883,0.533,0.354,0.272
2018,20,United Arab Emirates,6.774,2.096,0.776,0.67,0.284,0.186,N/A
2018,21,Czech Republic,6.711,1.233,1.489,0.854,0.543,0.064,0.034
2018,22,Malta,6.627,1.27,1.525,0.884,0.645,0.376,0.142
2018,23,France,6.489,1.293,1.466,0.908,0.52,0.098,0.176
2018,24,Mexico,6.488,1.038,1.252,0.761,0.479,0.069,0.095
2018,25,Chile,6.476,1.131,1.331,0.808,0.431,0.197,0.061
2018,26,Taiwan,6.441,1.365,1.436,0.857,0.418,0.151,0.078
2018,27,Panama,6.43,1.112,1.438,0.759,0.597,0.125,0.063
2018,28,Brazil,6.419,0.986,1.474,0.675,0.493,0.11,0.088
2018,29,Argentina,6.388,1.073,1.468,0.744,0.57,0.062,0.054
2018,30,Guatemala,6.382,0.781,1.268,0.608,0.604,0.179,0.071
2018,31,Uruguay,6.379,1.093,1.459,0.771,0.625,0.13,0.155
2018,32,Qatar,6.374,1.649,1.303,0.748,0.654,0.256,0.171
2018,33,Saudi Arabia,6.371,1.379,1.331,0.633,0.509,0.098,0.127
2018,34,Singapore,6.343,1.529,1.451,1.008,0.631,0.261,0.457
2018,35,Malaysia,6.322,1.161,1.258,0.669,0.356,0.311,0.059
2018,36,Spain,6.31,1.251,1.538,0.965,0.449,0.142,0.074
2018,37,Colombia,6.26,0.96,1.439,0.635,0.531,0.099,0.039
2018,38,Trinidad & Tobago,6.192,1.223,1.492,0.564,0.575,0.171,0.019
2018,39,Slovakia,6.173,1.21,1.537,0.776,0.354,0.118,0.014
2018,40,El Salvador,6.167,0.806,1.231,0.639,0.461,0.065,0.082
2018,41,Nicaragua,6.141,0.668,1.319,0.7,0.527,0.208,0.128
2018,42,Poland,6.123,1.176,1.448,0.781,0.546,0.108,0.064
2018,43,Bahrain,6.105,1.338,1.366,0.698,0.594,0.243,0.123
2018,44,Uzbekistan,6.096,0.719,1.584,0.605,0.724,0.328,0.259
2018,45,Kuwait,6.083,1.474,1.301,0.675,0.554,0.167,0.106
2018,46,Thailand,6.072,1.016,1.417,0.707,0.637,0.364,0.029
2018,47,Italy,6,1.264,1.501,0.946,0.281,0.137,0.028
2018,48,Ecuador,5.973,0.889,1.33,0.736,0.556,0.114,0.12
2018,49,Belize,5.956,0.807,1.101,0.474,0.593,0.183,0.089
2018,50,Lithuania,5.952,1.197,1.527,0.716,0.35,0.026,0.006
2018,51,Slovenia,5.948,1.219,1.506,0.856,0.633,0.16,0.051
2018,52,Romania,5.945,1.116,1.219,0.726,0.528,0.088,0.001
2018,53,Latvia,5.933,1.148,1.454,0.671,0.363,0.092,0.066
2018,54,Japan,5.915,1.294,1.462,0.988,0.553,0.079,0.15
2018,55,Mauritius,5.891,1.09,1.387,0.684,0.584,0.245,0.05
2018,56,Jamaica,5.89,0.819,1.493,0.693,0.575,0.096,0.031
2018,57,South Korea,5.875,1.266,1.204,0.955,0.244,0.175,0.051
2018,58,Northern Cyprus,5.835,1.229,1.211,0.909,0.495,0.179,0.154
2018,59,Russia,5.81,1.151,1.479,0.599,0.399,0.065,0.025
2018,60,Kazakhstan,5.79,1.143,1.516,0.631,0.454,0.148,0.121
2018,61,Cyprus,5.762,1.229,1.191,0.909,0.423,0.202,0.035
2018,62,Bolivia,5.752,0.751,1.223,0.508,0.606,0.141,0.054
2018,63,Estonia,5.739,1.2,1.532,0.737,0.553,0.086,0.174
2018,64,Paraguay,5.681,0.835,1.522,0.615,0.541,0.162,0.074
2018,65,Peru,5.663,0.934,1.249,0.674,0.53,0.092,0.034
2018,66,Kosovo,5.662,0.855,1.23,0.578,0.448,0.274,0.023
2018,67,Moldova,5.64,0.657,1.301,0.62,0.232,0.171,0
2018,68,Turkmenistan,5.636,1.016,1.533,0.517,0.417,0.199,0.037
2018,69,Hungary,5.62,1.171,1.401,0.732,0.259,0.061,0.022
2018,70,Libya,5.566,0.985,1.35,0.553,0.496,0.116,0.148
2018,71,Philippines,5.524,0.775,1.312,0.513,0.643,0.12,0.105
2018,72,Honduras,5.504,0.62,1.205,0.622,0.459,0.197,0.074
2018,73,Belarus,5.483,1.039,1.498,0.7,0.307,0.101,0.154
2018,74,Turkey,5.483,1.148,1.38,0.686,0.324,0.106,0.109
2018,75,Pakistan,5.472,0.652,0.81,0.424,0.334,0.216,0.113
2018,76,Hong Kong,5.43,1.405,1.29,1.03,0.524,0.246,0.291
2018,77,Portugal,5.41,1.188,1.429,0.884,0.562,0.055,0.017
2018,78,Serbia,5.398,0.975,1.369,0.685,0.288,0.134,0.043
2018,79,Greece,5.358,1.154,1.202,0.879,0.131,0,0.044
2018,80,Lebanon,5.358,0.965,1.179,0.785,0.503,0.214,0.136
2018,81,Montenegro,5.347,1.017,1.279,0.729,0.259,0.111,0.081
2018,82,Croatia,5.321,1.115,1.161,0.737,0.38,0.12,0.039
2018,83,Dominican Republic,5.302,0.982,1.441,0.614,0.578,0.12,0.106
2018,84,Algeria,5.295,0.979,1.154,0.687,0.077,0.055,0.135
2018,85,Morocco,5.254,0.779,0.797,0.669,0.46,0.026,0.074
2018,86,China,5.246,0.989,1.142,0.799,0.597,0.029,0.103
2018,87,Azerbaijan,5.201,1.024,1.161,0.603,0.43,0.031,0.176
2018,88,Tajikistan,5.199,0.474,1.166,0.598,0.292,0.187,0.034
2018,89,Macedonia,5.185,0.959,1.239,0.691,0.394,0.173,0.052
2018,90,Jordan,5.161,0.822,1.265,0.645,0.468,0.13,0.134
2018,91,Nigeria,5.155,0.689,1.172,0.048,0.462,0.201,0.032
2018,92,Kyrgyzstan,5.131,0.53,1.416,0.594,0.54,0.281,0.035
2018,93,Bosnia and Herzegovina,5.129,0.915,1.078,0.758,0.28,0.216,0
2018,94,Mongolia,5.125,0.914,1.517,0.575,0.395,0.253,0.032
2018,95,Vietnam,5.103,0.715,1.365,0.702,0.618,0.177,0.079
2018,96,Indonesia,5.093,0.899,1.215,0.522,0.538,0.484,0.018
2018,97,Bhutan,5.082,0.796,1.335,0.527,0.541,0.364,0.171
2018,98,Somalia,4.982,0,0.712,0.115,0.674,0.238,0.282
2018,99,Cameroon,4.975,0.535,0.891,0.182,0.454,0.183,0.043
2018,100,Bulgaria,4.933,1.054,1.515,0.712,0.359,0.064,0.009
2018,101,Nepal,4.88,0.425,1.228,0.539,0.526,0.302,0.078
2018,102,Venezuela,4.806,0.996,1.469,0.657,0.133,0.056,0.052
2018,103,Gabon,4.758,1.036,1.164,0.404,0.356,0.032,0.052
2018,104,Palestinian Territories,4.743,0.642,1.217,0.602,0.266,0.086,0.076
2018,105,South Africa,4.724,0.94,1.41,0.33,0.516,0.103,0.056
2018,106,Iran,4.707,1.059,0.771,0.691,0.459,0.282,0.129
2018,107,Ivory Coast,4.671,0.541,0.872,0.08,0.467,0.146,0.103
2018,108,Ghana,4.657,0.592,0.896,0.337,0.499,0.212,0.029
2018,109,Senegal,4.631,0.429,1.117,0.433,0.406,0.138,0.082
2018,110,Laos,4.623,0.72,1.034,0.441,0.626,0.23,0.174
2018,111,Tunisia,4.592,0.9,0.906,0.69,0.271,0.04,0.063
2018,112,Albania,4.586,0.916,0.817,0.79,0.419,0.149,0.032
2018,113,Sierra Leone,4.571,0.256,0.813,0,0.355,0.238,0.053
2018,114,Congo (Brazzaville),4.559,0.682,0.811,0.343,0.514,0.091,0.077
2018,115,Bangladesh,4.5,0.532,0.85,0.579,0.58,0.153,0.144
2018,116,Sri Lanka,4.471,0.918,1.314,0.672,0.585,0.307,0.05
2018,117,Iraq,4.456,1.01,0.971,0.536,0.304,0.148,0.095
2018,118,Mali,4.447,0.37,1.233,0.152,0.367,0.139,0.056
2018,119,Namibia,4.441,0.874,1.281,0.365,0.519,0.051,0.064
2018,120,Cambodia,4.433,0.549,1.088,0.457,0.696,0.256,0.065
2018,121,Burkina Faso,4.424,0.314,1.097,0.254,0.312,0.175,0.128
2018,122,Egypt,4.419,0.885,1.025,0.553,0.312,0.092,0.107
2018,123,Mozambique,4.417,0.198,0.902,0.173,0.531,0.206,0.158
2018,124,Kenya,4.41,0.493,1.048,0.454,0.504,0.352,0.055
2018,125,Zambia,4.377,0.562,1.047,0.295,0.503,0.221,0.082
2018,126,Mauritania,4.356,0.557,1.245,0.292,0.129,0.134,0.093
2018,127,Ethiopia,4.35,0.308,0.95,0.391,0.452,0.22,0.146
2018,128,Georgia,4.34,0.853,0.592,0.643,0.375,0.038,0.215
2018,129,Armenia,4.321,0.816,0.99,0.666,0.26,0.077,0.028
2018,130,Myanmar,4.308,0.682,1.174,0.429,0.58,0.598,0.178
2018,131,Chad,4.301,0.358,0.907,0.053,0.189,0.181,0.06
2018,132,Congo (Kinshasa),4.245,0.069,1.136,0.204,0.312,0.197,0.052
2018,133,India,4.19,0.721,0.747,0.485,0.539,0.172,0.093
2018,134,Niger,4.166,0.131,0.867,0.221,0.39,0.175,0.099
2018,135,Uganda,4.161,0.322,1.09,0.237,0.45,0.259,0.061
2018,136,Benin,4.141,0.378,0.372,0.24,0.44,0.163,0.067
2018,137,Sudan,4.139,0.605,1.24,0.312,0.016,0.134,0.082
2018,138,Ukraine,4.103,0.793,1.413,0.609,0.163,0.187,0.011
2018,139,Togo,3.999,0.259,0.474,0.253,0.434,0.158,0.101
2018,140,Guinea,3.964,0.344,0.792,0.211,0.394,0.185,0.094
2018,141,Lesotho,3.808,0.472,1.215,0.079,0.423,0.116,0.112
2018,142,Angola,3.795,0.73,1.125,0.269,0,0.079,0.061
2018,143,Madagascar,3.774,0.262,0.908,0.402,0.221,0.155,0.049
2018,144,Zimbabwe,3.692,0.357,1.094,0.248,0.406,0.132,0.099
2018,145,Afghanistan,3.632,0.332,0.537,0.255,0.085,0.191,0.036
2018,146,Botswana,3.59,1.017,1.174,0.417,0.557,0.042,0.092
2018,147,Malawi,3.587,0.186,0.541,0.306,0.531,0.21,0.08
2018,148,Haiti,3.582,0.315,0.714,0.289,0.025,0.392,0.104
2018,149,Liberia,3.495,0.076,0.858,0.267,0.419,0.206,0.03
2018,150,Syria,3.462,0.689,0.382,0.539,0.088,0.376,0.144
2018,151,Rwanda,3.408,0.332,0.896,0.4,0.636,0.2,0.444
2018,152,Yemen,3.355,0.442,1.073,0.343,0.244,0.083,0.064
2018,153,Tanzania,3.303,0.455,0.991,0.381,0.481,0.27,0.097
2018,154,South Sudan,3.254,0.337,0.608,0.177,0.112,0.224,0.106
2018,155,Central African Republic,3.083,0.024,0,0.01,0.305,0.218,0.038
2018,156,Burundi,2.905,0.091,0.627,0.145,0.065,0.149,0.076
2015,1,Switzerland,7.587,1.39651,1.34951,0.94143,0.66557,0.29678,0.41978
2015,2,Iceland,7.561,1.30232,1.40223,0.94784,0.62877,0.4363,0.14145
2015,3,Denmark,7.527,1.32548,1.36058,0.87464,0.64938,0.34139,0.48357
2015,4,Norway,7.522,1.459,1.33095,0.88521,0.66973,0.34699,0.36503
2015,5,Canada,7.427,1.32629,1.32261,0.90563,0.63297,0.45811,0.32957
2015,6,Finland,7.406,1.29025,1.31826,0.88911,0.64169,0.23351,0.41372
2015,7,Netherlands,7.378,1.32944,1.28017,0.89284,0.61576,0.4761,0.31814
2015,8,Sweden,7.364,1.33171,1.28907,0.91087,0.6598,0.36262,0.43844
2015,9,New Zealand,7.286,1.25018,1.31967,0.90837,0.63938,0.47501,0.42922
2015,10,Australia,7.284,1.33358,1.30923,0.93156,0.65124,0.43562,0.35637
2015,11,Israel,7.278,1.22857,1.22393,0.91387,0.41319,0.33172,0.07785
2015,12,Costa Rica,7.226,0.95578,1.23788,0.86027,0.63376,0.25497,0.10583
2015,13,Austria,7.2,1.33723,1.29704,0.89042,0.62433,0.33088,0.18676
2015,14,Mexico,7.187,1.02054,0.91451,0.81444,0.48181,0.14074,0.21312
2015,15,United States,7.119,1.39451,1.24711,0.86179,0.54604,0.40105,0.1589
2015,16,Brazil,6.983,0.98124,1.23287,0.69702,0.49049,0.14574,0.17521
2015,17,Luxembourg,6.946,1.56391,1.21963,0.91894,0.61583,0.28034,0.37798
2015,18,Ireland,6.94,1.33596,1.36948,0.89533,0.61777,0.45901,0.28703
2015,19,Belgium,6.937,1.30782,1.28566,0.89667,0.5845,0.2225,0.2254
2015,20,United Arab Emirates,6.901,1.42727,1.12575,0.80925,0.64157,0.26428,0.38583
2015,21,United Kingdom,6.867,1.26637,1.28548,0.90943,0.59625,0.51912,0.32067
2015,22,Oman,6.853,1.36011,1.08182,0.76276,0.63274,0.21542,0.32524
2015,23,Venezuela,6.81,1.04424,1.25596,0.72052,0.42908,0.05841,0.11069
2015,24,Singapore,6.798,1.52186,1.02,1.02525,0.54252,0.31105,0.4921
2015,25,Panama,6.786,1.06353,1.1985,0.79661,0.5421,0.24434,0.0927
2015,26,Germany,6.75,1.32792,1.29937,0.89186,0.61477,0.28214,0.21843
2015,27,Chile,6.67,1.10715,1.12447,0.85857,0.44132,0.33363,0.12869
2015,28,Qatar,6.611,1.69042,1.0786,0.79733,0.6404,0.32573,0.52208
2015,29,France,6.575,1.27778,1.26038,0.94579,0.55011,0.12332,0.20646
2015,30,Argentina,6.574,1.05351,1.24823,0.78723,0.44974,0.11451,0.08484
2015,31,Czech Republic,6.505,1.17898,1.20643,0.84483,0.46364,0.10686,0.02652
2015,32,Uruguay,6.485,1.06166,1.2089,0.8116,0.60362,0.2324,0.24558
2015,33,Colombia,6.477,0.91861,1.24018,0.69077,0.53466,0.18401,0.0512
2015,34,Thailand,6.455,0.9669,1.26504,0.7385,0.55664,0.5763,0.03187
2015,35,Saudi Arabia,6.411,1.39541,1.08393,0.72025,0.31048,0.13706,0.32524
2015,36,Spain,6.329,1.23011,1.31379,0.95562,0.45951,0.18227,0.06398
2015,37,Malta,6.302,1.2074,1.30203,0.88721,0.60365,0.51752,0.13586
2015,38,Taiwan,6.298,1.29098,1.07617,0.8753,0.3974,0.25376,0.08129
2015,39,Kuwait,6.295,1.55422,1.16594,0.72492,0.55499,0.16228,0.25609
2015,40,Suriname,6.269,0.99534,0.972,0.6082,0.59657,0.16991,0.13633
2015,41,Trinidad and Tobago,6.168,1.21183,1.18354,0.61483,0.55884,0.31844,0.0114
2015,42,El Salvador,6.13,0.76454,1.02507,0.67737,0.4035,0.10692,0.11776
2015,43,Guatemala,6.123,0.74553,1.04356,0.64425,0.57733,0.27489,0.09472
2015,44,Uzbekistan,6.003,0.63244,1.34043,0.59772,0.65821,0.22837,0.30826
2015,45,Slovakia,5.995,1.16891,1.26999,0.78902,0.31751,0.16893,0.03431
2015,46,Japan,5.987,1.27074,1.25712,0.99111,0.49615,0.10705,0.1806
2015,47,South Korea,5.984,1.24461,0.95774,0.96538,0.33208,0.18557,0.07857
2015,48,Ecuador,5.975,0.86402,0.99903,0.79075,0.48574,0.11541,0.1809
2015,49,Bahrain,5.96,1.32376,1.21624,0.74716,0.45492,0.17362,0.306
2015,50,Italy,5.948,1.25114,1.19777,0.95446,0.26236,0.22823,0.02901
2015,51,Bolivia,5.89,0.68133,0.97841,0.5392,0.57414,0.20536,0.088
2015,52,Moldova,5.889,0.59448,1.01528,0.61826,0.32818,0.20951,0.01615
2015,53,Paraguay,5.878,0.75985,1.30477,0.66098,0.53899,0.3424,0.08242
2015,54,Kazakhstan,5.855,1.12254,1.12241,0.64368,0.51649,0.11827,0.08454
2015,55,Slovenia,5.848,1.18498,1.27385,0.87337,0.60855,0.25328,0.03787
2015,56,Lithuania,5.833,1.14723,1.25745,0.73128,0.21342,0.02641,0.01031
2015,57,Nicaragua,5.828,0.59325,1.14184,0.74314,0.55475,0.27815,0.19317
2015,58,Peru,5.824,0.90019,0.97459,0.73017,0.41496,0.14982,0.05989
2015,59,Belarus,5.813,1.03192,1.23289,0.73608,0.37938,0.11046,0.1909
2015,60,Poland,5.791,1.12555,1.27948,0.77903,0.53122,0.16759,0.04212
2015,61,Malaysia,5.77,1.12486,1.07023,0.72394,0.53024,0.33075,0.10501
2015,62,Croatia,5.759,1.08254,0.79624,0.78805,0.25883,0.05444,0.0243
2015,63,Libya,5.754,1.13145,1.11862,0.7038,0.41668,0.18295,0.11023
2015,64,Russia,5.716,1.13764,1.23617,0.66926,0.36679,0.00199,0.03005
2015,65,Jamaica,5.709,0.81038,1.15102,0.68741,0.50442,0.2123,0.02299
2015,66,North Cyprus,5.695,1.20806,1.07008,0.92356,0.49027,0.26169,0.1428
2015,67,Cyprus,5.689,1.20813,0.89318,0.92356,0.40672,0.30638,0.06146
2015,68,Algeria,5.605,0.93929,1.07772,0.61766,0.28579,0.07822,0.17383
2015,69,Kosovo,5.589,0.80148,0.81198,0.63132,0.24749,0.2831,0.04741
2015,70,Turkmenistan,5.548,0.95847,1.22668,0.53886,0.4761,0.16979,0.30844
2015,71,Mauritius,5.477,1.00761,0.98521,0.7095,0.56066,0.37744,0.07521
2015,72,Hong Kong,5.474,1.38604,1.05818,1.01328,0.59608,0.39478,0.37124
2015,73,Estonia,5.429,1.15174,1.22791,0.77361,0.44888,0.0868,0.15184
2015,74,Indonesia,5.399,0.82827,1.08708,0.63793,0.46611,0.51535,0
2015,75,Vietnam,5.36,0.63216,0.91226,0.74676,0.59444,0.1686,0.10441
2015,76,Turkey,5.332,1.06098,0.94632,0.73172,0.22815,0.12253,0.15746
2015,77,Kyrgyzstan,5.286,0.47428,1.15115,0.65088,0.43477,0.3003,0.04232
2015,78,Nigeria,5.268,0.65435,0.90432,0.16007,0.34334,0.27233,0.0403
2015,79,Bhutan,5.253,0.77042,1.10395,0.57407,0.53206,0.47998,0.15445
2015,80,Azerbaijan,5.212,1.02389,0.93793,0.64045,0.3703,0.07799,0.16065
2015,81,Pakistan,5.194,0.59543,0.41411,0.51466,0.12102,0.33671,0.10464
2015,82,Jordan,5.192,0.90198,1.05392,0.69639,0.40661,0.11053,0.14293
2015,82,Montenegro,5.192,0.97438,0.90557,0.72521,0.1826,0.1614,0.14296
2015,84,China,5.14,0.89012,0.94675,0.81658,0.51697,0.08185,0.02781
2015,85,Zambia,5.129,0.47038,0.91612,0.29924,0.48827,0.19591,0.12468
2015,86,Romania,5.124,1.04345,0.88588,0.7689,0.35068,0.13748,0.00649
2015,87,Serbia,5.123,0.92053,1.00964,0.74836,0.20107,0.19231,0.02617
2015,88,Portugal,5.102,1.15991,1.13935,0.87519,0.51469,0.13719,0.01078
2015,89,Latvia,5.098,1.11312,1.09562,0.72437,0.29671,0.18226,0.06332
2015,90,Philippines,5.073,0.70532,1.03516,0.58114,0.62545,0.24991,0.12279
2015,91,Somaliland region,5.057,0.18847,0.95152,0.43873,0.46582,0.50318,0.39928
2015,92,Morocco,5.013,0.73479,0.64095,0.60954,0.41691,0.07172,0.08546
2015,93,Macedonia,5.007,0.91851,1.00232,0.73545,0.33457,0.22359,0.05327
2015,94,Mozambique,4.971,0.08308,1.02626,0.09131,0.34037,0.22269,0.15603
2015,95,Albania,4.959,0.87867,0.80434,0.81325,0.35733,0.14272,0.06413
2015,96,Bosnia and Herzegovina,4.949,0.83223,0.91916,0.79081,0.09245,0.24808,0.00227
2015,97,Lesotho,4.898,0.37545,1.04103,0.07612,0.31767,0.16388,0.12504
2015,98,Dominican Republic,4.885,0.89537,1.17202,0.66825,0.57672,0.21684,0.14234
2015,99,Laos,4.876,0.59066,0.73803,0.54909,0.59591,0.42192,0.24249
2015,100,Mongolia,4.874,0.82819,1.3006,0.60268,0.43626,0.3323,0.02666
2015,101,Swaziland,4.867,0.71206,1.07284,0.07566,0.30658,0.18259,0.0306
2015,102,Greece,4.857,1.15406,0.92933,0.88213,0.07699,0,0.01397
2015,103,Lebanon,4.839,1.02564,0.80001,0.83947,0.33916,0.21854,0.04582
2015,104,Hungary,4.8,1.12094,1.20215,0.75905,0.32112,0.128,0.02758
2015,105,Honduras,4.788,0.59532,0.95348,0.6951,0.40148,0.23027,0.06825
2015,106,Tajikistan,4.786,0.39047,0.85563,0.57379,0.47216,0.22974,0.15072
2015,107,Tunisia,4.739,0.88113,0.60429,0.73793,0.26268,0.06431,0.06358
2015,108,Palestinian Territories,4.715,0.59867,0.92558,0.66015,0.24499,0.11251,0.12905
2015,109,Bangladesh,4.694,0.39753,0.43106,0.60164,0.4082,0.21222,0.12569
2015,110,Iran,4.686,1.0088,0.54447,0.69805,0.30033,0.38086,0.05863
2015,111,Ukraine,4.681,0.79907,1.20278,0.6739,0.25123,0.15275,0.02961
2015,112,Iraq,4.677,0.98549,0.81889,0.60237,0,0.17922,0.13788
2015,113,South Africa,4.642,0.92049,1.18468,0.27688,0.33207,0.11973,0.08884
2015,114,Ghana,4.633,0.54558,0.67954,0.40132,0.42342,0.23087,0.04355
2015,115,Zimbabwe,4.61,0.271,1.03276,0.33475,0.25861,0.18987,0.08079
2015,116,Liberia,4.571,0.0712,0.78968,0.34201,0.28531,0.24362,0.06232
2015,117,India,4.565,0.64499,0.38174,0.51529,0.39786,0.26475,0.08492
2015,118,Sudan,4.55,0.52107,1.01404,0.36878,0.10081,0.19062,0.1466
2015,119,Haiti,4.518,0.26673,0.74302,0.38847,0.24425,0.46187,0.17175
2015,120,Congo (Kinshasa),4.517,0,1.0012,0.09806,0.22605,0.24834,0.07625
2015,121,Nepal,4.514,0.35997,0.86449,0.56874,0.38282,0.32296,0.05907
2015,122,Ethiopia,4.512,0.19073,0.60406,0.44055,0.4345,0.24325,0.15048
2015,123,Sierra Leone,4.507,0.33024,0.95571,0,0.4084,0.21488,0.08786
2015,124,Mauritania,4.436,0.45407,0.86908,0.35874,0.24232,0.219,0.17461
2015,125,Kenya,4.419,0.36471,0.99876,0.41435,0.42215,0.37542,0.05839
2015,126,Djibouti,4.369,0.44025,0.59207,0.36291,0.46074,0.18093,0.28105
2015,127,Armenia,4.35,0.76821,0.77711,0.7299,0.19847,0.07855,0.039
2015,128,Botswana,4.332,0.99355,1.10464,0.04776,0.49495,0.10461,0.12474
2015,129,Myanmar,4.307,0.27108,0.70905,0.48246,0.44017,0.79588,0.19034
2015,130,Georgia,4.297,0.7419,0.38562,0.72926,0.40577,0.05547,0.38331
2015,131,Malawi,4.292,0.01604,0.41134,0.22562,0.43054,0.33128,0.06977
2015,132,Sri Lanka,4.271,0.83524,1.01905,0.70806,0.53726,0.40828,0.09179
2015,133,Cameroon,4.252,0.4225,0.88767,0.23402,0.49309,0.20618,0.05786
2015,134,Bulgaria,4.218,1.01216,1.10614,0.76649,0.30587,0.11921,0.00872
2015,135,Egypt,4.194,0.8818,0.747,0.61712,0.17288,0.11291,0.06324
2015,136,Yemen,4.077,0.54649,0.68093,0.40064,0.35571,0.09131,0.07854
2015,137,Angola,4.033,0.75778,0.8604,0.16683,0.10384,0.12344,0.07122
2015,138,Mali,3.995,0.26074,1.03526,0.20583,0.38857,0.18798,0.12352
2015,139,Congo (Brazzaville),3.989,0.67866,0.6629,0.31051,0.41466,0.12388,0.11686
2015,140,Comoros,3.956,0.23906,0.79273,0.36315,0.22917,0.17441,0.199
2015,141,Uganda,3.931,0.21102,1.13299,0.33861,0.45727,0.29066,0.07267
2015,142,Senegal,3.904,0.36498,0.97619,0.4354,0.36772,0.20843,0.10713
2015,143,Gabon,3.896,1.06024,0.90528,0.43372,0.31914,0.06822,0.11091
2015,144,Niger,3.845,0.0694,0.77265,0.29707,0.47692,0.19387,0.15639
2015,145,Cambodia,3.819,0.46038,0.62736,0.61114,0.66246,0.40359,0.07247
2015,146,Tanzania,3.781,0.2852,1.00268,0.38215,0.32878,0.34377,0.05747
2015,147,Madagascar,3.681,0.20824,0.66801,0.46721,0.19184,0.21333,0.08124
2015,148,Central African Republic,3.678,0.0785,0,0.06699,0.48879,0.23835,0.08289
2015,149,Chad,3.667,0.34193,0.76062,0.1501,0.23501,0.18386,0.05269
2015,150,Guinea,3.656,0.17417,0.46475,0.24009,0.37725,0.28657,0.12139
2015,151,Ivory Coast,3.655,0.46534,0.77115,0.15185,0.46866,0.20165,0.17922
2015,152,Burkina Faso,3.587,0.25812,0.85188,0.27125,0.39493,0.21747,0.12832
2015,153,Afghanistan,3.575,0.31982,0.30285,0.30335,0.23414,0.3651,0.09719
2015,154,Rwanda,3.465,0.22208,0.7737,0.42864,0.59201,0.22628,0.55191
2015,155,Benin,3.34,0.28665,0.35386,0.3191,0.4845,0.1826,0.0801
2015,156,Syria,3.006,0.6632,0.47489,0.72193,0.15684,0.47179,0.18906
2015,157,Burundi,2.905,0.0153,0.41587,0.22396,0.1185,0.19727,0.10062
2015,158,Togo,2.839,0.20868,0.13995,0.28443,0.36453,0.16681,0.10731
2017,1,Norway,7.537000179,1.616463184,1.53352356,0.796666503,0.6354225874,0.3620122373,0.3159638345
2017,2,Denmark,7.521999836,1.482383013,1.551121593,0.7925655246,0.6260067225,0.3552804887,0.4007700682
2017,3,Iceland,7.504000187,1.48063302,1.610574007,0.8335521221,0.6271626353,0.4755402207,0.1535265595
2017,4,Switzerland,7.493999958,1.564979553,1.516911745,0.8581312895,0.6200705767,0.2905492783,0.3670072854
2017,5,Finland,7.468999863,1.443571925,1.540246725,0.8091576695,0.6179508567,0.2454827726,0.3826115429
2017,6,Netherlands,7.376999855,1.503944635,1.428939223,0.810696125,0.5853844881,0.4704898298,0.2826618254
2017,7,Canada,7.315999985,1.479204416,1.481348991,0.8345576525,0.6111009121,0.4355397224,0.2873715162
2017,8,New Zealand,7.31400013,1.405706048,1.548195124,0.8167597055,0.6140621305,0.500005126,0.3828167021
2017,9,Sweden,7.28399992,1.494387269,1.478162169,0.8308751583,0.612924099,0.3853992522,0.3843987286
2017,10,Australia,7.28399992,1.484414935,1.510041952,0.8438867927,0.6016073823,0.47769925,0.3011837304
2017,11,Israel,7.212999821,1.375382423,1.376289964,0.8384039998,0.4059886038,0.330082655,0.08524210006
2017,12,Costa Rica,7.078999996,1.109706283,1.416403651,0.7595092654,0.58013165,0.214613229,0.1001065895
2017,13,Austria,7.006000042,1.487097263,1.459944963,0.8153284192,0.5677661896,0.3164723217,0.2210603654
2017,14,United States,6.993000031,1.546259284,1.419920564,0.7742866278,0.5057405233,0.3925787807,0.1356387883
2017,15,Ireland,6.977000237,1.535706639,1.558231115,0.8097826242,0.573110342,0.4278583229,0.2983881533
2017,16,Germany,6.951000214,1.487923384,1.472520351,0.7989507318,0.5625113845,0.33626917,0.2767319381
2017,17,Belgium,6.890999794,1.463780761,1.462312698,0.8180918694,0.5397707224,0.2315033376,0.2513431311
2017,18,Luxembourg,6.862999916,1.741943598,1.457583666,0.8450894952,0.5966278911,0.2831809819,0.318834424
2017,19,United Kingdom,6.714000225,1.44163394,1.49646008,0.8053359389,0.5081900358,0.4927741587,0.2654280663
2017,20,Chile,6.65199995,1.25278461,1.284024954,0.8194797039,0.3768952787,0.3266624212,0.08228798211
2017,21,United Arab Emirates,6.647999763,1.626343369,1.266410232,0.7267982364,0.6083452702,0.3609419465,0.3244895637
2017,22,Brazil,6.635000229,1.10735321,1.431306005,0.6165523529,0.4374537468,0.1623498946,0.1110927612
2017,23,Czech Republic,6.609000206,1.352682352,1.433885217,0.7544440031,0.4909461737,0.08810675889,0.0368729271
2017,24,Argentina,6.598999977,1.185295463,1.440451145,0.6951370835,0.4945192039,0.1094570607,0.05973988771
2017,25,Mexico,6.578000069,1.153183818,1.21086216,0.7099789977,0.4127300084,0.1209904328,0.1327741146
2017,26,Singapore,6.572000027,1.69227767,1.353814363,0.9494923949,0.5498405695,0.3459659815,0.464307785
2017,27,Malta,6.52699995,1.343279839,1.488411665,0.8219442368,0.5887670517,0.5747305751,0.1530660689
2017,28,Uruguay,6.453999996,1.217559695,1.412227869,0.7192168236,0.5793922544,0.1750969291,0.1780618727
2017,29,Guatemala,6.453999996,0.872001946,1.255585194,0.5402399898,0.5313106179,0.2834883928,0.07722327858
2017,30,Panama,6.452000141,1.233748436,1.373192549,0.7061561346,0.550026834,0.2105569392,0.07098392397
2017,31,France,6.441999912,1.430923462,1.387776852,0.8444658518,0.4702221155,0.1297623068,0.1725024283
2017,32,Thailand,6.423999786,1.127868772,1.425792456,0.6472390294,0.5802007318,0.5721231103,0.03161273524
2017,33,Taiwan Province of China,6.421999931,1.433626533,1.384565353,0.7939842343,0.3614665866,0.2583604753,0.06382923573
2017,34,Spain,6.402999878,1.384397864,1.532090902,0.8889605999,0.4087812304,0.1901335716,0.07091409713
2017,35,Qatar,6.375,1.870765686,1.27429688,0.7100980878,0.6041309834,0.33047387,0.4392992556
2017,36,Colombia,6.356999874,1.070622325,1.402182937,0.5950279236,0.4774874151,0.149014473,0.04666874185
2017,37,Saudi Arabia,6.343999863,1.530623555,1.286677599,0.5901483297,0.4497505724,0.1476160139,0.2734322548
2017,38,Trinidad and Tobago,6.168000221,1.361355901,1.380228519,0.5199832916,0.518630743,0.3252964616,0.008964816108
2017,39,Kuwait,6.105000019,1.632952452,1.259698749,0.6321057081,0.4963375926,0.2282897979,0.2151595503
2017,40,Slovakia,6.09800005,1.325393558,1.505059242,0.7127329111,0.2958174646,0.1365444809,0.02421085164
2017,41,Bahrain,6.086999893,1.488412261,1.323110461,0.6531330347,0.5367469192,0.1726684868,0.2570421696
2017,42,Malaysia,6.084000111,1.29121542,1.284646034,0.6187844276,0.4022649825,0.4166089296,0.06560070813
2017,43,Nicaragua,6.071000099,0.7372992039,1.28721571,0.6530959606,0.4475518465,0.301674217,0.1306879818
2017,44,Ecuador,6.007999897,1.000820398,1.286168814,0.6856362224,0.4551981986,0.150112465,0.1401346475
2017,45,El Salvador,6.002999783,0.9097844958,1.182125092,0.5960185528,0.4324525297,0.07825798541,0.08998095989
2017,46,Poland,5.97300005,1.291787863,1.44571197,0.699475348,0.5203421116,0.1584659666,0.05930780619
2017,47,Uzbekistan,5.971000195,0.7864410877,1.54896915,0.4982726276,0.6582486629,0.4159836471,0.2465282232
2017,48,Italy,5.964000225,1.395066619,1.444923282,0.8531443477,0.2564507127,0.1727896482,0.02802809142
2017,49,Russia,5.962999821,1.281778097,1.469282389,0.5473493338,0.3737831116,0.05226382241,0.03296288103
2017,50,Belize,5.955999851,0.907975316,1.081417799,0.450191766,0.5475093722,0.2400156409,0.09658107162
2017,51,Japan,5.920000076,1.416915178,1.436337829,0.9134758711,0.505625546,0.1205727682,0.1637607366
2017,52,Lithuania,5.90199995,1.314582348,1.473516107,0.6289499402,0.2342317849,0.01016465668,0.01186564285
2017,53,Algeria,5.872000217,1.091864467,1.146217465,0.6175846457,0.2333358079,0.069436647,0.1460961103
2017,54,Latvia,5.849999905,1.260748625,1.404714942,0.6385669708,0.3257079124,0.1530747861,0.07384272665
2017,55,South Korea,5.837999821,1.401678443,1.128274441,0.900214076,0.2579216659,0.2066743672,0.06328266859
2017,56,Moldova,5.837999821,0.7288706303,1.251825571,0.5894652009,0.2407290488,0.2087791264,0.01009128615
2017,57,Romania,5.824999809,1.217683911,1.15009129,0.6851583123,0.4570037425,0.1335199177,0.004387900699
2017,58,Bolivia,5.822999954,0.833756566,1.227619052,0.4736302495,0.5587329268,0.2255607247,0.06047772616
2017,59,Turkmenistan,5.822000027,1.130776763,1.493149161,0.4377260804,0.418271929,0.2499249876,0.2592703402
2017,60,Kazakhstan,5.818999767,1.28455627,1.384369016,0.6060415506,0.4374542832,0.2019644231,0.1192828864
2017,61,North Cyprus,5.809999943,1.346911311,1.186303377,0.8346472383,0.4712036252,0.2668457031,0.1553533524
2017,62,Slovenia,5.757999897,1.341205955,1.452518821,0.790828228,0.5725758076,0.2426490933,0.04512897879
2017,63,Peru,5.715000153,1.035225272,1.218770385,0.6301661134,0.4500028789,0.1268197149,0.04704908654
2017,64,Mauritius,5.629000187,1.189395547,1.20956099,0.638007462,0.4912473261,0.3609337509,0.04218155518
2017,65,Cyprus,5.620999813,1.355938077,1.131363273,0.8447147012,0.3551115394,0.2712543011,0.0412379764
2017,66,Estonia,5.611000061,1.32087934,1.4766711,0.6951683164,0.4791314304,0.0988908112,0.1832489222
2017,67,Belarus,5.568999767,1.15655756,1.444945216,0.6377142668,0.2954002619,0.1551375091,0.1563138217
2017,68,Libya,5.525000095,1.101803064,1.35756433,0.5201690197,0.4657332301,0.1520736665,0.09261021018
2017,69,Turkey,5.5,1.198274374,1.337753177,0.6376056075,0.3007405996,0.04669304192,0.0996715799
2017,70,Paraguay,5.493000031,0.9325373173,1.50728488,0.5792506933,0.4735077918,0.2241506577,0.09106591344
2017,71,"Hong Kong S.A.R., China",5.472000122,1.551674843,1.262790918,0.9430624247,0.4909686446,0.3744657934,0.2939337492
2017,72,Philippines,5.429999828,0.8576992154,1.253917575,0.4680090547,0.5852146745,0.1935134232,0.09933189303
2017,73,Serbia,5.394999981,1.069317579,1.258189797,0.6507846713,0.2087155282,0.2201258838,0.04090378061
2017,74,Jordan,5.335999966,0.9910123944,1.239088893,0.6045900583,0.4184211493,0.1721704602,0.1198032722
2017,75,Hungary,5.323999882,1.286011934,1.343133092,0.6877634525,0.1758635193,0.07840166241,0.03663693741
2017,76,Jamaica,5.31099987,0.9255793095,1.368218064,0.6410223842,0.4743072391,0.2338183373,0.05526778102
2017,77,Croatia,5.293000221,1.222556233,0.9679830074,0.7012885213,0.2557722926,0.2480029762,0.04310311005
2017,78,Kosovo,5.278999805,0.9514843822,1.137853503,0.5414520502,0.2602879405,0.3199314475,0.05747161806
2017,79,China,5.272999763,1.081165791,1.160837412,0.7414155006,0.472787708,0.028806841,0.02279427461
2017,80,Pakistan,5.269000053,0.7268835306,0.6726906896,0.4020477831,0.2352152616,0.3154460192,0.1243480667
2017,81,Indonesia,5.262000084,0.9955385923,1.274444699,0.4923457205,0.4433234632,0.6117045879,0.01531713549
2017,82,Venezuela,5.25,1.128431201,1.431337595,0.617144227,0.1539971232,0.0650196299,0.06449112296
2017,83,Montenegro,5.236999989,1.121129036,1.238376498,0.6674646735,0.1949890554,0.1979110241,0.0881741941
2017,84,Morocco,5.235000134,0.8781145811,0.7748644352,0.597710669,0.4081583321,0.03220995516,0.08776318282
2017,85,Azerbaijan,5.234000206,1.153601766,1.152400255,0.5407757759,0.3981558383,0.04526934028,0.1809875071
2017,86,Dominican Republic,5.230000019,1.079373837,1.402416706,0.5748737454,0.5525898337,0.1869678497,0.1139452532
2017,87,Greece,5.227000237,1.289487481,1.239414573,0.8101989031,0.09573125094,0,0.04328977689
2017,88,Lebanon,5.224999905,1.074987531,1.129624248,0.7350810766,0.288515985,0.2644507587,0.03751382977
2017,89,Portugal,5.195000172,1.315175295,1.367043018,0.7958435416,0.4984652996,0.09510271251,0.01586945169
2017,90,Bosnia and Herzegovina,5.18200016,0.9824094176,1.069335938,0.7051863074,0.2044031769,0.3288674951,0
2017,91,Honduras,5.181000233,0.7305731177,1.143944979,0.5825694799,0.3480798602,0.2361888736,0.07334545255
2017,92,Macedonia,5.175000191,1.064577937,1.207893014,0.6449481845,0.3259059787,0.2537609637,0.06027779356
2017,93,Somalia,5.151000023,0.02264318429,0.7211513519,0.1139891371,0.602126956,0.2916313112,0.2824103236
2017,94,Vietnam,5.073999882,0.7885475755,1.277491331,0.6521689892,0.5710555911,0.2349680513,0.08763323724
2017,95,Nigeria,5.073999882,0.7837562561,1.215770483,0.05691573024,0.3949525654,0.2309471965,0.02612156607
2017,96,Tajikistan,5.040999889,0.5247136354,1.271463275,0.5292351246,0.4715667069,0.2489976436,0.1463771462
2017,97,Bhutan,5.011000156,0.8854163885,1.340126514,0.4958792925,0.5015376806,0.4740545452,0.1733803898
2017,98,Kyrgyzstan,5.004000187,0.5962200761,1.394238591,0.5534577966,0.4549433887,0.4285803735,0.039439179
2017,99,Nepal,4.961999893,0.4798201919,1.179283261,0.5041307807,0.4403059483,0.3940961659,0.07297554612
2017,100,Mongolia,4.954999924,1.027235866,1.493011236,0.5577834845,0.3941439688,0.3384642303,0.03290228918
2017,101,South Africa,4.828999996,1.054698706,1.384788632,0.1870800704,0.4792467356,0.1393623799,0.0725094974
2017,102,Tunisia,4.804999828,1.007265806,0.8683514595,0.613212049,0.2896806896,0.0496933572,0.08672314882
2017,103,Palestinian Territories,4.775000095,0.7162492275,1.155647159,0.5656669736,0.2547110617,0.1141731739,0.08928260207
2017,104,Egypt,4.735000134,0.9897018075,0.9974713922,0.5201872587,0.2821101546,0.1286314428,0.1143813655
2017,105,Bulgaria,4.714000225,1.161459088,1.434379458,0.7082176805,0.2892317176,0.1131776944,0.01105153095
2017,106,Sierra Leone,4.709000111,0.3684209287,0.984136045,0.005564753897,0.318697691,0.2930409014,0.07109517604
2017,107,Cameroon,4.695000172,0.5643053651,0.946018219,0.1328921169,0.4303887486,0.2362984568,0.05130663142
2017,108,Iran,4.691999912,1.156873107,0.711551249,0.6393331885,0.2493226081,0.3872429132,0.0487610735
2017,109,Albania,4.644000053,0.9961927533,0.8036852479,0.7311597466,0.3814986348,0.2013129443,0.039864216
2017,110,Bangladesh,4.607999802,0.5866829753,0.7351317406,0.5332410336,0.4783566594,0.1722553521,0.1237178594
2017,111,Namibia,4.573999882,0.9644343257,1.098470807,0.3386118114,0.5203035474,0.07713374496,0.09314697236
2017,112,Kenya,4.552999973,0.5604794621,1.067950726,0.3099883497,0.4527637661,0.4448603094,0.06464131922
2017,113,Mozambique,4.550000191,0.23430565,0.870701015,0.1066544354,0.4807910919,0.3222281039,0.1794363856
2017,114,Myanmar,4.545000076,0.3671105504,1.123235941,0.3975225687,0.5144920349,0.838075161,0.1888162047
2017,115,Senegal,4.534999847,0.4793090224,1.179691911,0.4093628526,0.3779222667,0.1834688932,0.115460448
2017,116,Zambia,4.513999939,0.6364067793,1.003187299,0.2578358948,0.4616034925,0.2495801449,0.07821355015
2017,117,Iraq,4.497000217,1.102710485,0.9786131978,0.50118047,0.2885555327,0.199637264,0.1072157547
2017,118,Gabon,4.465000153,1.198210239,1.155620217,0.3565785885,0.312328577,0.04378537834,0.0760467872
2017,119,Ethiopia,4.460000038,0.3392338455,0.8646692038,0.3534097075,0.4088427424,0.3126507401,0.1654557139
2017,120,Sri Lanka,4.440000057,1.009850144,1.259976387,0.6251308322,0.5612132549,0.4908635616,0.07365396619
2017,121,Armenia,4.375999928,0.9005967379,1.007483721,0.637524426,0.1983032674,0.08348809183,0.0266744215
2017,122,India,4.315000057,0.7922212481,0.7543725967,0.4554276168,0.469987005,0.2315384895,0.09222688526
2017,123,Mauritania,4.291999817,0.6484572887,1.27203083,0.2853492796,0.09609804302,0.2018700242,0.1369570047
2017,124,Congo (Brazzaville),4.290999889,0.8089642525,0.832044363,0.2899574339,0.4350258708,0.1208521277,0.0796181336
2017,125,Georgia,4.285999775,0.9506126642,0.570614934,0.6495469809,0.3094100356,0.05400881544,0.2516666353
2017,126,Congo (Kinshasa),4.28000021,0.0921023488,1.229023457,0.1914070249,0.2359613478,0.2464558333,0.06024135649
2017,127,Mali,4.190000057,0.4761804938,1.281473398,0.1693656743,0.3066137433,0.1833541989,0.1049702466
2017,128,Ivory Coast,4.179999828,0.6030489206,0.9047800303,0.04864216968,0.4477061927,0.2012374699,0.1300617754
2017,129,Cambodia,4.168000221,0.6017650962,1.006238341,0.4297834039,0.6333758235,0.3859229684,0.06810595095
2017,130,Sudan,4.138999939,0.6595166922,1.21400857,0.2909208238,0.01499585528,0.1823174506,0.08984751999
2017,131,Ghana,4.119999886,0.6672248244,0.8736647367,0.2956377268,0.4230262935,0.2569239438,0.02533636987
2017,132,Ukraine,4.096000195,0.8946519494,1.394537568,0.5759039521,0.1229747757,0.2700614631,0.02302947082
2017,133,Uganda,4.080999851,0.3814307153,1.129827738,0.2176326066,0.4431859553,0.3257660568,0.05706971884
2017,134,Burkina Faso,4.032000065,0.3502277136,1.043280005,0.2158442587,0.324367851,0.2508646846,0.120328106
2017,135,Niger,4.027999878,0.1619253308,0.9930250049,0.268505007,0.3636586964,0.2286738455,0.1385729462
2017,136,Malawi,3.970000029,0.2334420383,0.5125688314,0.3150895834,0.4669146538,0.2871704698,0.07271165401
2017,137,Chad,3.936000109,0.4380129874,0.9538558722,0.04113471508,0.1623420268,0.2161138505,0.05358188227
2017,138,Zimbabwe,3.875,0.375846535,1.083095908,0.1967637539,0.336384207,0.1891434938,0.09537538141
2017,139,Lesotho,3.808000088,0.5210212469,1.190095186,0,0.3906612992,0.1574972719,0.11909464
2017,140,Angola,3.795000076,0.8584281802,1.10441196,0.04986866564,0,0.09792649001,0.0697203353
2017,141,Afghanistan,3.79399991,0.4014772177,0.5815433264,0.1807467788,0.1061795205,0.3118709326,0.06115783006
2017,142,Botswana,3.766000032,1.122094154,1.221554995,0.3417555094,0.5051963329,0.09934844822,0.09858319908
2017,143,Benin,3.657000065,0.4310854077,0.4352998435,0.2099302113,0.4259627759,0.2079484612,0.06092901528
2017,144,Madagascar,3.644000053,0.3058086932,0.9130203724,0.3752233088,0.1891967654,0.2087325305,0.0672319755
2017,145,Haiti,3.602999926,0.3686102629,0.6404498219,0.27732113,0.03036985733,0.4892037809,0.09987214953
2017,146,Yemen,3.592999935,0.5916834474,0.935382247,0.3100809157,0.2494637221,0.1041252092,0.05676742271
2017,147,South Sudan,3.59100008,0.3972486258,0.6013231277,0.1634860039,0.1470624357,0.2856708169,0.1167935133
2017,148,Liberia,3.532999992,0.119041793,0.8721179366,0.2299181968,0.3328811824,0.2665498853,0.03894824907
2017,149,Guinea,3.506999969,0.2445499301,0.7912446856,0.1941291392,0.348587513,0.2648150921,0.1109376177
2017,150,Togo,3.494999886,0.3054447174,0.4318825305,0.2471055686,0.3804261386,0.1968961507,0.09566501528
2017,151,Rwanda,3.470999956,0.3687458932,0.9457070231,0.3264248073,0.581843853,0.2527560294,0.4552200139
2017,152,Syria,3.461999893,0.7771531343,0.3961026073,0.5005333424,0.08153944463,0.4936637282,0.1513471305
2017,153,Tanzania,3.348999977,0.5111358762,1.041989803,0.3645092845,0.3900177777,0.3542563617,0.06603510678
2017,154,Burundi,2.904999971,0.09162256867,0.6297935843,0.1516107917,0.0599007532,0.2044351846,0.08414794505
2017,155,Central African Republic,2.693000078,0,0,0.0187726859,0.2708420455,0.2808764875,0.05656507611
2016,1,Denmark,7.526,1.44178,1.16374,0.79504,0.57941,0.36171,0.44453
2016,2,Switzerland,7.509,1.52733,1.14524,0.86303,0.58557,0.28083,0.41203
2016,3,Iceland,7.501,1.42666,1.18326,0.86733,0.56624,0.47678,0.14975
2016,4,Norway,7.498,1.57744,1.1269,0.79579,0.59609,0.37895,0.35776
2016,5,Finland,7.413,1.40598,1.13464,0.81091,0.57104,0.25492,0.41004
2016,6,Canada,7.404,1.44015,1.0961,0.8276,0.5737,0.44834,0.31329
2016,7,Netherlands,7.339,1.46468,1.02912,0.81231,0.55211,0.47416,0.29927
2016,8,New Zealand,7.334,1.36066,1.17278,0.83096,0.58147,0.49401,0.41904
2016,9,Australia,7.313,1.44443,1.10476,0.8512,0.56837,0.47407,0.32331
2016,10,Sweden,7.291,1.45181,1.08764,0.83121,0.58218,0.38254,0.40867
2016,11,Israel,7.267,1.33766,0.99537,0.84917,0.36432,0.32288,0.08728
2016,12,Austria,7.119,1.45038,1.08383,0.80565,0.54355,0.32865,0.21348
2016,13,United States,7.104,1.50796,1.04782,0.779,0.48163,0.41077,0.14868
2016,14,Costa Rica,7.087,1.06879,1.02152,0.76146,0.55225,0.22553,0.10547
2016,15,Puerto Rico,7.039,1.35943,1.08113,0.77758,0.46823,0.22202,0.12275
2016,16,Germany,6.994,1.44787,1.09774,0.81487,0.53466,0.30452,0.28551
2016,17,Brazil,6.952,1.08754,1.03938,0.61415,0.40425,0.15776,0.14166
2016,18,Belgium,6.929,1.42539,1.05249,0.81959,0.51354,0.2424,0.26248
2016,19,Ireland,6.907,1.48341,1.16157,0.81455,0.54008,0.44963,0.29754
2016,20,Luxembourg,6.871,1.69752,1.03999,0.84542,0.5487,0.27571,0.35329
2016,21,Mexico,6.778,1.11508,0.7146,0.71143,0.37709,0.11735,0.18355
2016,22,Singapore,6.739,1.64555,0.86758,0.94719,0.4877,0.32706,0.46987
2016,23,United Kingdom,6.725,1.40283,1.08672,0.80991,0.50036,0.50156,0.27399
2016,24,Chile,6.705,1.2167,0.90587,0.81883,0.37789,0.31595,0.11451
2016,25,Panama,6.701,1.18306,0.98912,0.70835,0.48927,0.2418,0.08423
2016,26,Argentina,6.65,1.15137,1.06612,0.69711,0.42284,0.10989,0.07296
2016,27,Czech Republic,6.596,1.30915,1.00793,0.76376,0.41418,0.09929,0.03986
2016,28,United Arab Emirates,6.573,1.57352,0.87114,0.72993,0.56215,0.26591,0.35561
2016,29,Uruguay,6.545,1.18157,1.03143,0.72183,0.54388,0.18056,0.21394
2016,30,Malta,6.488,1.30782,1.09879,0.80315,0.54994,0.56237,0.17554
2016,31,Colombia,6.481,1.03032,1.02169,0.59659,0.44735,0.15626,0.05399
2016,32,France,6.478,1.39488,1.00508,0.83795,0.46562,0.1216,0.17808
2016,33,Thailand,6.474,1.0893,1.04477,0.64915,0.49553,0.58696,0.02833
2016,34,Saudi Arabia,6.379,1.48953,0.84829,0.59267,0.37904,0.15457,0.30008
2016,34,Taiwan,6.379,1.39729,0.92624,0.79565,0.32377,0.25495,0.0663
2016,36,Qatar,6.375,1.82427,0.87964,0.71723,0.56679,0.32388,0.48049
2016,37,Spain,6.361,1.34253,1.12945,0.87896,0.37545,0.17665,0.06137
2016,38,Algeria,6.355,1.05266,0.83309,0.61804,0.21006,0.07044,0.16157
2016,39,Guatemala,6.324,0.83454,0.87119,0.54039,0.50379,0.28808,0.08701
2016,40,Suriname,6.269,1.09686,0.77866,0.50933,0.52234,0.16665,0.12692
2016,41,Kuwait,6.239,1.61714,0.87758,0.63569,0.43166,0.15965,0.23669
2016,42,Bahrain,6.218,1.44024,0.94397,0.65696,0.47375,0.17147,0.25772
2016,43,Trinidad and Tobago,6.168,1.32572,0.98569,0.52608,0.48453,0.31935,0.01241
2016,44,Venezuela,6.084,1.13367,1.03302,0.61904,0.19847,0.0425,0.08304
2016,45,Slovakia,6.078,1.27973,1.08268,0.70367,0.23391,0.13837,0.02947
2016,46,El Salvador,6.068,0.8737,0.80975,0.596,0.37269,0.08877,0.10613
2016,47,Malaysia,6.005,1.25142,0.88025,0.62366,0.39031,0.41474,0.09081
2016,48,Nicaragua,5.992,0.69384,0.89521,0.65213,0.46582,0.29773,0.16292
2016,49,Uzbekistan,5.987,0.73591,1.1681,0.50163,0.60848,0.34326,0.28333
2016,50,Italy,5.977,1.35495,1.04167,0.85102,0.18827,0.16684,0.02556
2016,51,Ecuador,5.976,0.97306,0.85974,0.68613,0.4027,0.10074,0.18037
2016,52,Belize,5.956,0.87616,0.68655,0.45569,0.51231,0.23684,0.10771
2016,53,Japan,5.921,1.38007,1.06054,0.91491,0.46761,0.10224,0.18985
2016,54,Kazakhstan,5.919,1.22943,0.95544,0.57386,0.4052,0.15011,0.11132
2016,55,Moldova,5.897,0.69177,0.83132,0.52309,0.25202,0.19997,0.01903
2016,56,Russia,5.856,1.23228,1.05261,0.58991,0.32682,0.02736,0.03586
2016,57,Poland,5.835,1.24585,1.04685,0.69058,0.4519,0.14443,0.055
2016,57,South Korea,5.835,1.35948,0.72194,0.88645,0.25168,0.18824,0.07716
2016,59,Bolivia,5.822,0.79422,0.83779,0.4697,0.50961,0.21698,0.07746
2016,60,Lithuania,5.813,1.2692,1.06411,0.64674,0.18929,0.02025,0.0182
2016,61,Belarus,5.802,1.13062,1.04993,0.63104,0.29091,0.13942,0.17457
2016,62,North Cyprus,5.771,1.31141,0.81826,0.84142,0.43596,0.26322,0.16578
2016,63,Slovenia,5.768,1.29947,1.05613,0.79151,0.53164,0.25738,0.03635
2016,64,Peru,5.743,0.99602,0.81255,0.62994,0.37502,0.14527,0.05292
2016,65,Turkmenistan,5.658,1.08017,1.03817,0.44006,0.37408,0.22567,0.28467
2016,66,Mauritius,5.648,1.14372,0.75695,0.66189,0.46145,0.36951,0.05203
2016,67,Libya,5.615,1.06688,0.95076,0.52304,0.40672,0.17087,0.10339
2016,68,Latvia,5.56,1.21788,0.95025,0.63952,0.27996,0.17445,0.0889
2016,69,Cyprus,5.546,1.31857,0.70697,0.8488,0.29507,0.27906,0.05228
2016,70,Paraguay,5.538,0.89373,1.11111,0.58295,0.46235,0.25296,0.07396
2016,71,Romania,5.528,1.1697,0.72803,0.67602,0.36712,0.12889,0.00679
2016,72,Estonia,5.517,1.27964,1.05163,0.68098,0.41511,0.08423,0.18519
2016,73,Jamaica,5.51,0.89333,0.96372,0.59469,0.43597,0.22245,0.04294
2016,74,Croatia,5.488,1.18649,0.60809,0.70524,0.23907,0.18434,0.04002
2016,75,Hong Kong,5.458,1.5107,0.87021,0.95277,0.48079,0.40097,0.31647
2016,76,Somalia,5.44,0,0.33613,0.11466,0.56778,0.27225,0.3118
2016,77,Kosovo,5.401,0.90145,0.66062,0.54,0.14396,0.27992,0.06547
2016,78,Turkey,5.389,1.16492,0.87717,0.64718,0.23889,0.04707,0.12348
2016,79,Indonesia,5.314,0.95104,0.87625,0.49374,0.39237,0.56521,0.00322
2016,80,Jordan,5.303,0.99673,0.86216,0.60712,0.36023,0.14262,0.13297
2016,81,Azerbaijan,5.291,1.12373,0.76042,0.54504,0.35327,0.0564,0.17914
2016,82,Philippines,5.279,0.81217,0.87877,0.47036,0.54854,0.21674,0.11757
2016,83,China,5.245,1.0278,0.79381,0.73561,0.44012,0.04959,0.02745
2016,84,Bhutan,5.196,0.8527,0.90836,0.49759,0.46074,0.48546,0.1616
2016,85,Kyrgyzstan,5.185,0.56044,0.95434,0.55449,0.40212,0.38432,0.04762
2016,86,Serbia,5.177,1.03437,0.81329,0.6458,0.15718,0.20737,0.04339
2016,87,Bosnia and Herzegovina,5.163,0.93383,0.64367,0.70766,0.09511,0.29889,0
2016,88,Montenegro,5.161,1.07838,0.74173,0.63533,0.15111,0.17191,0.12721
2016,89,Dominican Republic,5.155,1.02787,0.99496,0.57669,0.52259,0.21286,0.12372
2016,90,Morocco,5.151,0.84058,0.38595,0.59471,0.25646,0.04053,0.08404
2016,91,Hungary,5.145,1.24142,0.93164,0.67608,0.1977,0.099,0.04472
2016,92,Pakistan,5.132,0.68816,0.26135,0.40306,0.14622,0.31185,0.1388
2016,93,Lebanon,5.129,1.12268,0.64184,0.76171,0.26228,0.23693,0.03061
2016,94,Portugal,5.123,1.27607,0.94367,0.79363,0.44727,0.11691,0.01521
2016,95,Macedonia,5.121,1.0193,0.78236,0.64738,0.27668,0.23507,0.07047
2016,96,Vietnam,5.061,0.74037,0.79117,0.66157,0.55954,0.25075,0.11556
2016,97,Somaliland Region,5.057,0.25558,0.75862,0.33108,0.3913,0.51479,0.36794
2016,98,Tunisia,5.045,0.97724,0.43165,0.59577,0.23553,0.03936,0.0817
2016,99,Greece,5.033,1.24886,0.75473,0.80029,0.05822,0,0.04127
2016,100,Tajikistan,4.996,0.48835,0.75602,0.53119,0.43408,0.25998,0.13509
2016,101,Mongolia,4.907,0.98853,1.08983,0.55469,0.35972,0.34539,0.03285
2016,102,Laos,4.876,0.68042,0.5497,0.38291,0.52168,0.43079,0.22423
2016,103,Nigeria,4.875,0.75216,0.64498,0.05108,0.27854,0.23219,0.0305
2016,104,Honduras,4.871,0.69429,0.75596,0.58383,0.26755,0.2044,0.06906
2016,105,Iran,4.813,1.11758,0.38857,0.64232,0.22544,0.38538,0.0557
2016,106,Zambia,4.795,0.61202,0.6376,0.23573,0.42662,0.17866,0.11479
2016,107,Nepal,4.793,0.44626,0.69699,0.50073,0.37012,0.3816,0.07008
2016,108,Palestinian Territories,4.754,0.67024,0.71629,0.56844,0.17744,0.11154,0.10613
2016,109,Albania,4.655,0.9553,0.50163,0.73007,0.31866,0.1684,0.05301
2016,110,Bangladesh,4.643,0.54177,0.24749,0.52989,0.39778,0.19132,0.12583
2016,111,Sierra Leone,4.635,0.36485,0.628,0,0.30685,0.23897,0.08196
2016,112,Iraq,4.575,1.07474,0.59205,0.51076,0.24856,0.19589,0.13636
2016,113,Namibia,4.574,0.93287,0.70362,0.34745,0.48614,0.07795,0.10398
2016,114,Cameroon,4.513,0.52497,0.62542,0.12698,0.42736,0.2268,0.06126
2016,115,Ethiopia,4.508,0.29283,0.37932,0.34578,0.36703,0.29522,0.1717
2016,116,South Africa,4.459,1.02416,0.96053,0.18611,0.42483,0.13656,0.08415
2016,117,Sri Lanka,4.415,0.97318,0.84783,0.62007,0.50817,0.46978,0.07964
2016,118,India,4.404,0.74036,0.29247,0.45091,0.40285,0.25028,0.08722
2016,119,Myanmar,4.395,0.34112,0.69981,0.3988,0.42692,0.81971,0.20243
2016,120,Egypt,4.362,0.95395,0.49813,0.52116,0.18847,0.12706,0.10393
2016,121,Armenia,4.36,0.86086,0.62477,0.64083,0.14037,0.07793,0.03616
2016,122,Kenya,4.356,0.52267,0.7624,0.30147,0.40576,0.41328,0.06686
2016,123,Ukraine,4.324,0.87287,1.01413,0.58628,0.12859,0.20363,0.01829
2016,124,Ghana,4.276,0.63107,0.49353,0.29681,0.40973,0.21203,0.0326
2016,125,Congo (Kinshasa),4.272,0.05661,0.80676,0.188,0.15602,0.25458,0.06075
2016,126,Georgia,4.252,0.83792,0.19249,0.64035,0.32461,0.06786,0.3188
2016,127,Congo (Brazzaville),4.236,0.77109,0.47799,0.28212,0.37938,0.12077,0.09753
2016,128,Senegal,4.219,0.44314,0.77416,0.40457,0.31056,0.19103,0.11681
2016,129,Bulgaria,4.217,1.11306,0.92542,0.67806,0.21219,0.12793,0.00615
2016,130,Mauritania,4.201,0.61391,0.84142,0.28639,0.1268,0.22686,0.17955
2016,131,Zimbabwe,4.193,0.35041,0.71478,0.1595,0.25429,0.18503,0.08582
2016,132,Malawi,4.156,0.08709,0.147,0.29364,0.4143,0.30968,0.07564
2016,133,Sudan,4.139,0.63069,0.81928,0.29759,0,0.18077,0.10039
2016,134,Gabon,4.121,1.15851,0.72368,0.3494,0.28098,0.06244,0.09314
2016,135,Mali,4.073,0.31292,0.86333,0.16347,0.27544,0.21064,0.13647
2016,136,Haiti,4.028,0.34097,0.29561,0.27494,0.12072,0.47958,0.14476
2016,137,Botswana,3.974,1.09426,0.89186,0.34752,0.44089,0.12425,0.10769
2016,138,Comoros,3.956,0.27509,0.60323,0.29981,0.15412,0.1827,0.18437
2016,139,Ivory Coast,3.916,0.55507,0.57576,0.04476,0.40663,0.20338,0.1553
2016,140,Cambodia,3.907,0.55604,0.5375,0.42494,0.58852,0.40339,0.08092
2016,141,Angola,3.866,0.84731,0.66366,0.04991,0.00589,0.12071,0.08434
2016,142,Niger,3.856,0.1327,0.6053,0.26162,0.38041,0.2097,0.17176
2016,143,South Sudan,3.832,0.39394,0.18519,0.15781,0.19662,0.25899,0.13015
2016,144,Chad,3.763,0.42214,0.63178,0.03824,0.12807,0.18667,0.04952
2016,145,Burkina Faso,3.739,0.31995,0.63054,0.21297,0.3337,0.24353,0.12533
2016,145,Uganda,3.739,0.34719,0.90981,0.19625,0.43653,0.27102,0.06442
2016,147,Yemen,3.724,0.57939,0.47493,0.31048,0.2287,0.09821,0.05892
2016,148,Madagascar,3.695,0.27954,0.46115,0.37109,0.13684,0.2204,0.07506
2016,149,Tanzania,3.666,0.47155,0.77623,0.357,0.3176,0.31472,0.05099
2016,150,Liberia,3.622,0.10706,0.50353,0.23165,0.25748,0.24063,0.04852
2016,151,Guinea,3.607,0.22415,0.3109,0.18829,0.30953,0.29914,0.1192
2016,152,Rwanda,3.515,0.32846,0.61586,0.31865,0.5432,0.23552,0.50521
2016,153,Benin,3.484,0.39499,0.10419,0.21028,0.39747,0.2018,0.06681
2016,154,Afghanistan,3.36,0.38227,0.11037,0.17344,0.1643,0.31268,0.07112
2016,155,Togo,3.303,0.28123,0,0.24811,0.34678,0.17517,0.11587
2016,156,Syria,3.069,0.74719,0.14866,0.62994,0.06912,0.48397,0.17233
2016,157,Burundi,2.905,0.06831,0.23442,0.15747,0.0432,0.2029,0.09419